,name,period,price,ef_r,yax,noi,yld,rate
0,Patricia Manor Place,2003-07-01,28736.2976,445.99012817545037, -  Per Unit,0.09312058241812968,0.04193382608695652,0.06193382608695652
1,Patricia Manor Place,2003-10-01,29030.666,445.10193575870994, -  Per Unit,0.09199277806965434,0.04262122826086956,0.06262122826086956
2,Patricia Manor Place,2004-01-01,29812.3753,444.59405442699784, -  Per Unit,0.0894784229608832,0.039974626373626365,0.05997462637362637
3,Patricia Manor Place,2004-04-01,30269.1571,444.6494836007702, -  Per Unit,0.08813912104624219,0.04577706593406593,0.06577706593406593
4,Patricia Manor Place,2004-07-01,31004.6578,443.4337830103503, -  Per Unit,0.08581299994422456,0.042859152173913034,0.06285915217391304
5,Patricia Manor Place,2004-10-01,31549.7619,439.858548794449, -  Per Unit,0.08365043454628081,0.04158758695652173,0.06158758695652174
6,Patricia Manor Place,2005-01-01,32360.8168,442.4035951925322, -  Per Unit,0.08202579024999125,0.04289902222222222,0.06289902222222223
7,Patricia Manor Place,2005-04-01,33488.0631,453.6000628690818, -  Per Unit,0.08127076113919801,0.0414963846153846,0.061496384615384606
8,Patricia Manor Place,2005-07-01,34479.7595,469.4461024549458, -  Per Unit,0.08169072683728187,0.041970032608695654,0.06197003260869566
9,Patricia Manor Place,2005-10-01,35335.9526,475.8836436823004, -  Per Unit,0.08080444001087443,0.044725456521739135,0.06472545652173914
10,Patricia Manor Place,2006-01-01,35956.4163,480.5876273384677, -  Per Unit,0.08019502666707101,0.0455748,0.0655748
11,Patricia Manor Place,2006-04-01,36038.5946,482.84885114298953, -  Per Unit,0.0803886261107956,0.05059930769230769,0.0705993076923077
12,Patricia Manor Place,2006-07-01,36190.4817,483.08377683791343, -  Per Unit,0.08009019291466024,0.04888030434782609,0.06888030434782609
13,Patricia Manor Place,2006-10-01,36027.5253,480.4599542959368, -  Per Unit,0.08001547988020206,0.046273163043478255,0.06627316304347826
14,Patricia Manor Place,2007-01-01,36202.3982,480.6245533826588, -  Per Unit,0.07965625106836023,0.04678804444444444,0.06678804444444444
15,Patricia Manor Place,2007-04-01,36358.7324,481.0785733878183, -  Per Unit,0.079388670885757,0.048424120879120874,0.06842412087912088
16,Patricia Manor Place,2007-07-01,36400.5611,492.55620371180686, -  Per Unit,0.08118933150925636,0.04731413043478261,0.06731413043478261
17,Patricia Manor Place,2007-10-01,35868.5392,503.53484370134555, -  Per Unit,0.08423005590949946,0.04256776086956521,0.06256776086956521
18,Patricia Manor Place,2008-01-01,34381.4798,512.7641821920404, -  Per Unit,0.08948378926820486,0.036362956043956035,0.05636295604395604
19,Patricia Manor Place,2008-04-01,32492.3105,516.7374603138051, -  Per Unit,0.09542026141486092,0.03861756043956044,0.05861756043956044
20,Patricia Manor Place,2008-07-01,31103.9585,515.5145319373698, -  Per Unit,0.09944352232929513,0.0385636847826087,0.058563684782608705
21,Patricia Manor Place,2008-10-01,29349.1084,515.0026466999846, -  Per Unit,0.10528482971564163,0.03215653260869565,0.052156532608695655
22,Patricia Manor Place,2009-01-01,28067.9187,516.2958417465959, -  Per Unit,0.11036710928194243,0.02706626666666667,0.04706626666666667
23,Patricia Manor Place,2009-04-01,27197.6922,513.8143780125322, -  Per Unit,0.11335102424885862,0.0330422967032967,0.0530422967032967
24,Patricia Manor Place,2009-07-01,27133.8663,506.66977278080566, -  Per Unit,0.11203779819187926,0.03501017391304348,0.055010173913043484
25,Patricia Manor Place,2009-10-01,27758.3724,495.1245174211905, -  Per Unit,0.10702166041000095,0.03446005434782608,0.05446005434782608
26,Patricia Manor Place,2010-01-01,29402.95,488.5328271763867, -  Per Unit,0.09969057400901339,0.037015599999999996,0.0570156
27,Patricia Manor Place,2010-04-01,31822.0061,487.7696273085971, -  Per Unit,0.09196836160029466,0.03472313186813186,0.054723131868131866
28,Patricia Manor Place,2010-07-01,34506.2589,490.9749118675246, -  Per Unit,0.08537145332799749,0.027772521739130435,0.047772521739130436
29,Patricia Manor Place,2010-10-01,36420.7228,495.1661774617311, -  Per Unit,0.08157435757344131,0.02846854347826087,0.04846854347826087
30,Patricia Manor Place,2011-01-01,38916.4453,498.59776506855275, -  Per Unit,0.07687204130155527,0.034341344444444435,0.05434134444444444
31,Patricia Manor Place,2011-04-01,39924.5607,498.4149179910745, -  Per Unit,0.07490350439714286,0.03185416483516483,0.051854164835164834
32,Patricia Manor Place,2011-07-01,40300.5238,498.86486026755625, -  Per Unit,0.07427171856275817,0.024121673913043474,0.044121673913043474
33,Patricia Manor Place,2011-10-01,40612.7856,501.2985753754913, -  Per Unit,0.07406021054248856,0.02037721739130435,0.04037721739130435
34,Patricia Manor Place,2012-01-01,40877.5654,503.15881827153487, -  Per Unit,0.07385353995737742,0.02017664835164835,0.04017664835164835
35,Patricia Manor Place,2012-04-01,41486.4105,503.9116284907141, -  Per Unit,0.07287855793029588,0.018039802197802202,0.0380398021978022
36,Patricia Manor Place,2012-07-01,42433.747,512.2502729436675, -  Per Unit,0.07243059722399733,0.016254673913043475,0.036254673913043475
37,Patricia Manor Place,2012-10-01,43611.0285,515.1784415839975, -  Per Unit,0.07087818737189344,0.016895326086956524,0.036895326086956524
38,Patricia Manor Place,2013-01-01,43431.2214,514.4452749792258, -  Per Unit,0.07107033950178879,0.019283033333333335,0.039283033333333335
39,Patricia Manor Place,2013-04-01,43950.0896,518.6733004820418, -  Per Unit,0.07080849734814308,0.019750263736263738,0.03975026373626374
40,Patricia Manor Place,2013-07-01,43731.578,520.7546210913281, -  Per Unit,0.07144786146404249,0.026953282608695655,0.046953282608695655
41,Patricia Manor Place,2013-10-01,44516.0412,529.356836629013, -  Per Unit,0.07134823614490854,0.02733794565217391,0.04733794565217391
42,Patricia Manor Place,2014-01-01,45645.0255,536.137742067938, -  Per Unit,0.0704748527834129,0.02755097777777778,0.04755097777777778
43,Patricia Manor Place,2014-04-01,46400.1111,548.5796420795191, -  Per Unit,0.07093685283174062,0.02608876923076924,0.04608876923076924
44,Patricia Manor Place,2014-07-01,47592.6507,562.9159684667974, -  Per Unit,0.07096675140224505,0.02486604347826087,0.04486604347826087
45,Patricia Manor Place,2014-10-01,49175.0711,573.6510790960458, -  Per Unit,0.0699929130265411,0.022648728260869565,0.042648728260869566
46,Patricia Manor Place,2015-01-01,50041.4603,595.9381103607012, -  Per Unit,0.0714533237185368,0.019670200000000002,0.0396702
47,Patricia Manor Place,2015-04-01,51365.118,628.3874659733848, -  Per Unit,0.07340243617936026,0.021531857142857148,0.04153185714285715
48,Patricia Manor Place,2015-07-01,51929.8907,632.8748395500442, -  Per Unit,0.07312260792607954,0.022143967391304354,0.042143967391304354
49,Patricia Manor Place,2015-10-01,52221.2717,638.9837619331452, -  Per Unit,0.07341649191585795,0.021806923913043483,0.041806923913043484
50,Patricia Manor Place,2016-01-01,52889.3747,645.6875148409164, -  Per Unit,0.07324959145424531,0.019168879120879122,0.03916887912087912
51,Patricia Manor Place,2016-04-01,53657.7008,654.7023089412254, -  Per Unit,0.07320876211765212,0.017444373626373622,0.03744437362637362
52,Patricia Manor Place,2016-07-01,53416.5877,652.7685440081077, -  Per Unit,0.07332200413184847,0.015583554347826083,0.035583554347826084
53,Patricia Manor Place,2016-10-01,53562.6198,672.2483022765703, -  Per Unit,0.07530419215341333,0.021299489130434782,0.04129948913043478
54,Patricia Manor Place,2017-01-01,54155.2786,689.9912420188269, -  Per Unit,0.07644587118997781,0.02442081111111111,0.04442081111111111
55,Patricia Manor Place,2017-04-01,55570.4891,685.0534536895793, -  Per Unit,0.07396589068598779,0.022559846153846156,0.042559846153846156
56,Patricia Manor Place,2017-07-01,56576.523,676.5087938363719, -  Per Unit,0.07174447187251559,0.022373510869565214,0.042373510869565215
57,Patricia Manor Place,2017-10-01,56922.5587,687.3458985294134, -  Per Unit,0.07245063267292094,0.023700913043478263,0.043700913043478264
58,Patricia Manor Place,2018-01-01,59024.029,696.2833254265428, -  Per Unit,0.07077964726127484,0.027541511111111115,0.047541511111111115
59,Patricia Manor Place,2018-04-01,61661.7389,703.3039586056044, -  Per Unit,0.06843504297660387,0.02919126373626373,0.04919126373626373
60,Patricia Manor Place,2018-07-01,62788.7319,703.9326850914739, -  Per Unit,0.06726678470391027,0.029177945652173912,0.04917794565217391
61,Patricia Manor Place,2018-10-01,63309.7266,695.9443181031019, -  Per Unit,0.0659561513351822,0.030362239130434784,0.050362239130434784
62,Patricia Manor Place,2019-01-01,64269.8627,692.7008774767311, -  Per Unit,0.06466802775448262,0.026483777777777776,0.04648377777777778
63,Patricia Manor Place,2019-04-01,65609.7153,710.1557713372757, -  Per Unit,0.06494365367294398,0.02333271428571428,0.04333271428571428
64,Patricia Manor Place,2019-07-01,66215.1154,721.5174388689271, -  Per Unit,0.06537940177347426,0.017925108695652173,0.037925108695652174
65,Patricia Manor Place,2019-10-01,66885.0174,714.2136887556125, -  Per Unit,0.06406938802012893,0.01790935869565218,0.03790935869565218
66,Patricia Manor Place,2020-01-01,68172.524,700.8952630822938, -  Per Unit,0.0616871920202597,0.013767076923076927,0.03376707692307693
67,Patricia Manor Place,2020-04-01,68934.4767,691.9588828562228, -  Per Unit,0.06022753048819963,0.006787263736263736,0.026787263736263736
68,Patricia Manor Place,2020-07-01,69364.2647,687.2697556233471, -  Per Unit,0.05944874571329642,0.006458163043478262,0.026458163043478262
69,Patricia Manor Place,2020-10-01,71075.268,733.5360551166742, -  Per Unit,0.061923316711236964,0.008540815217391303,0.028540815217391304
70,Patricia Manor Place,2021-01-01,73885.1215,751.8025366208461, -  Per Unit,0.06105173989224714,0.013100944444444446,0.03310094444444445
71,Patricia Manor Place,2021-04-01,79065.9677,775.3638233738682, -  Per Unit,0.05883925885654099,0.01579798901098901,0.03579798901098901
72,Patricia Manor Place,2021-07-01,82937.0167,805.9308120259662, -  Per Unit,0.058304302042200155,0.01318886956521739,0.03318886956521739
73,Patricia Manor Place,2021-10-01,86252.8398,821.6179975971324, -  Per Unit,0.05715415280254685,0.015224673913043479,0.03522467391304348
74,Patricia Manor Place,2022-01-01,86905.5655,832.5154699841515, -  Per Unit,0.057477248909966645,0.019318333333333337,0.03931833333333334
75,Patricia Manor Place,2022-04-01,86463.1141,839.3615660746581, -  Per Unit,0.05824644935438369,0.029186923076923072,0.04918692307692307
76,Patricia Manor Place,2022-07-01,84363.3857,834.1845990787122, -  Per Unit,0.05932796026312482,0.03082071739130435,0.05082071739130435
77,Patricia Manor Place,2022-10-01,81494.1417,838.3174606145187, -  Per Unit,0.06172105943766401,0.03819154347826087,0.058191543478260874
78,Patricia Manor Place,2023-01-01,79545.4564,853.7433404955191, -  Per Unit,0.0643966390388718,0.03644471111111111,0.056444711111111115
79,Patricia Manor Place,2023-04-01,78074.8103,866.6096510453465, -  Per Unit,0.06659840589163851,0.035932131868131864,0.05593213186813187
80,Patricia Manor Place,2023-07-01,77490.2707,894.9792420995226, -  Per Unit,0.0692974150701623,0.0413559347826087,0.0613559347826087
81,Patricia Manor Place,2023-10-01,77118.6231,892.0115493523338, -  Per Unit,0.06940047787385877,0.044335195652173906,0.06433519565217391
82,Regency - Tanglewood - Marquee - Wildwood,2003-07-01,40041.7347,674.1603329315946, -  Per Unit,0.10101865036305652,0.04193382608695652,0.06193382608695652
83,Regency - Tanglewood - Marquee - Wildwood,2003-10-01,41303.4788,669.6340108991132, -  Per Unit,0.09727519768612515,0.04262122826086956,0.06262122826086956
84,Regency - Tanglewood - Marquee - Wildwood,2004-01-01,42615.1959,666.2480484414847, -  Per Unit,0.09380429225362093,0.039974626373626365,0.05997462637362637
85,Regency - Tanglewood - Marquee - Wildwood,2004-04-01,43596.1821,666.0525362050429, -  Per Unit,0.09166663282724148,0.04577706593406593,0.06577706593406593
86,Regency - Tanglewood - Marquee - Wildwood,2004-07-01,44608.8879,666.8577720089751, -  Per Unit,0.08969393366235096,0.042859152173913034,0.06285915217391304
87,Regency - Tanglewood - Marquee - Wildwood,2004-10-01,45558.1105,663.8011477692634, -  Per Unit,0.08742256522283952,0.04158758695652173,0.06158758695652174
88,Regency - Tanglewood - Marquee - Wildwood,2005-01-01,46724.0331,666.4913920791299, -  Per Unit,0.08558654052650218,0.04289902222222222,0.06289902222222223
89,Regency - Tanglewood - Marquee - Wildwood,2005-04-01,47944.135,670.6759551775904, -  Per Unit,0.08393217921369406,0.0414963846153846,0.061496384615384606
90,Regency - Tanglewood - Marquee - Wildwood,2005-07-01,49123.6373,676.4909186974796, -  Per Unit,0.08262713706228096,0.041970032608695654,0.06197003260869566
91,Regency - Tanglewood - Marquee - Wildwood,2005-10-01,50166.2253,682.8913618507365, -  Per Unit,0.08167543295517629,0.044725456521739135,0.06472545652173914
92,Regency - Tanglewood - Marquee - Wildwood,2006-01-01,50949.2314,691.8807674716185, -  Per Unit,0.08147884650581227,0.0455748,0.0655748
93,Regency - Tanglewood - Marquee - Wildwood,2006-04-01,51468.1062,701.649978968009, -  Per Unit,0.08179628481857865,0.05059930769230769,0.0705993076923077
94,Regency - Tanglewood - Marquee - Wildwood,2006-07-01,51937.1123,710.4235150341775, -  Per Unit,0.08207119921461373,0.04888030434782609,0.06888030434782609
95,Regency - Tanglewood - Marquee - Wildwood,2006-10-01,52292.7715,716.5688698801532, -  Per Unit,0.08221811726465711,0.046273163043478255,0.06627316304347826
96,Regency - Tanglewood - Marquee - Wildwood,2007-01-01,52682.5429,723.0459751262972, -  Per Unit,0.08234750283395648,0.04678804444444444,0.06678804444444444
97,Regency - Tanglewood - Marquee - Wildwood,2007-04-01,53035.4887,731.6146964062938, -  Per Unit,0.08276888336540891,0.048424120879120874,0.06842412087912088
98,Regency - Tanglewood - Marquee - Wildwood,2007-07-01,52675.6703,740.0285212907808, -  Per Unit,0.08429263647632568,0.04731413043478261,0.06731413043478261
99,Regency - Tanglewood - Marquee - Wildwood,2007-10-01,51222.4603,744.9513866160561, -  Per Unit,0.08726071128794133,0.04256776086956521,0.06256776086956521
100,Regency - Tanglewood - Marquee - Wildwood,2008-01-01,48968.5503,749.280141339608, -  Per Unit,0.09180751360812998,0.036362956043956035,0.05636295604395604
101,Regency - Tanglewood - Marquee - Wildwood,2008-04-01,46093.3112,751.1065022945693, -  Per Unit,0.09777208224883213,0.03861756043956044,0.05861756043956044
102,Regency - Tanglewood - Marquee - Wildwood,2008-07-01,42961.0757,751.0499319645787, -  Per Unit,0.10489261542832998,0.0385636847826087,0.058563684782608705
103,Regency - Tanglewood - Marquee - Wildwood,2008-10-01,40060.8584,747.2760104759953, -  Per Unit,0.11192111806710493,0.03215653260869565,0.052156532608695655
104,Regency - Tanglewood - Marquee - Wildwood,2009-01-01,37779.9905,740.4540122001197, -  Per Unit,0.1175946318250323,0.02706626666666667,0.04706626666666667
105,Regency - Tanglewood - Marquee - Wildwood,2009-04-01,36405.5597,730.9752534501971, -  Per Unit,0.12047202561484538,0.0330422967032967,0.0530422967032967
106,Regency - Tanglewood - Marquee - Wildwood,2009-07-01,36295.8854,721.7889541265322, -  Per Unit,0.11931748398013162,0.03501017391304348,0.055010173913043484
107,Regency - Tanglewood - Marquee - Wildwood,2009-10-01,33973.6844,713.0536694130714, -  Per Unit,0.1259304691862749,0.03446005434782608,0.05446005434782608
108,Regency - Tanglewood - Marquee - Wildwood,2010-01-01,35728.651,709.1887288418659, -  Per Unit,0.11909580277887336,0.037015599999999996,0.0570156
109,Regency - Tanglewood - Marquee - Wildwood,2010-04-01,38596.1007,710.6359409572322, -  Per Unit,0.11047270497310606,0.03472313186813186,0.054723131868131866
110,Regency - Tanglewood - Marquee - Wildwood,2010-07-01,41729.6737,715.5497819484297, -  Per Unit,0.10288359124386294,0.027772521739130435,0.047772521739130436
111,Regency - Tanglewood - Marquee - Wildwood,2010-10-01,44640.3766,716.6026179401448, -  Per Unit,0.09631674361010809,0.02846854347826087,0.04846854347826087
112,Regency - Tanglewood - Marquee - Wildwood,2011-01-01,47573.2407,723.7032827856821, -  Per Unit,0.09127441462515486,0.034341344444444435,0.05434134444444444
113,Regency - Tanglewood - Marquee - Wildwood,2011-04-01,48880.1669,723.7313323212117, -  Per Unit,0.08883742158268429,0.03185416483516483,0.051854164835164834
114,Regency - Tanglewood - Marquee - Wildwood,2011-07-01,49203.638,724.3172214341251, -  Per Unit,0.08832483745622124,0.024121673913043474,0.044121673913043474
115,Regency - Tanglewood - Marquee - Wildwood,2011-10-01,49386.6926,725.9325872721201, -  Per Unit,0.08819370754203372,0.02037721739130435,0.04037721739130435
116,Regency - Tanglewood - Marquee - Wildwood,2012-01-01,49472.1038,728.4199204670695, -  Per Unit,0.0883431103005249,0.02017664835164835,0.04017664835164835
117,Regency - Tanglewood - Marquee - Wildwood,2012-04-01,48148.0911,731.8207056039828, -  Per Unit,0.09119622675184098,0.018039802197802202,0.0380398021978022
118,Regency - Tanglewood - Marquee - Wildwood,2012-07-01,51985.2409,739.1007817741414, -  Per Unit,0.08530507147548581,0.016254673913043475,0.036254673913043475
119,Regency - Tanglewood - Marquee - Wildwood,2012-10-01,52873.4614,745.5534985831475, -  Per Unit,0.08460427732652445,0.016895326086956524,0.036895326086956524
120,Regency - Tanglewood - Marquee - Wildwood,2013-01-01,53587.0878,755.7517684102788, -  Per Unit,0.0846194633189541,0.019283033333333335,0.039283033333333335
121,Regency - Tanglewood - Marquee - Wildwood,2013-04-01,53808.102,773.2193385314749, -  Per Unit,0.08621965575349322,0.019750263736263738,0.03975026373626374
122,Regency - Tanglewood - Marquee - Wildwood,2013-07-01,53668.9896,782.4686613327143, -  Per Unit,0.08747718194412003,0.026953282608695655,0.046953282608695655
123,Regency - Tanglewood - Marquee - Wildwood,2013-10-01,55253.4886,789.1403059225992, -  Per Unit,0.08569308392114078,0.02733794565217391,0.04733794565217391
124,Regency - Tanglewood - Marquee - Wildwood,2014-01-01,53949.2333,799.6991092946997, -  Per Unit,0.08893907034946127,0.02755097777777778,0.04755097777777778
125,Regency - Tanglewood - Marquee - Wildwood,2014-04-01,55101.0682,799.7721453273881, -  Per Unit,0.08708783747252886,0.02608876923076924,0.04608876923076924
126,Regency - Tanglewood - Marquee - Wildwood,2014-07-01,56342.0716,808.8021096761515, -  Per Unit,0.08613124296368452,0.02486604347826087,0.04486604347826087
127,Regency - Tanglewood - Marquee - Wildwood,2014-10-01,57488.1196,817.9801456350255, -  Per Unit,0.08537208918919227,0.022648728260869565,0.042648728260869566
128,Regency - Tanglewood - Marquee - Wildwood,2015-01-01,57846.1995,799.9585242706966, -  Per Unit,0.08297435591467299,0.019670200000000002,0.0396702
129,Regency - Tanglewood - Marquee - Wildwood,2015-04-01,57691.7498,770.2986108044928, -  Per Unit,0.08011183021574701,0.021531857142857148,0.04153185714285715
130,Regency - Tanglewood - Marquee - Wildwood,2015-07-01,57563.6315,748.0023610896608, -  Per Unit,0.07796614024495596,0.022143967391304354,0.042143967391304354
131,Regency - Tanglewood - Marquee - Wildwood,2015-10-01,57433.6162,710.8487937171412, -  Per Unit,0.07426126099130856,0.021806923913043483,0.041806923913043484
132,Regency - Tanglewood - Marquee - Wildwood,2016-01-01,57164.9004,675.3651028828175, -  Per Unit,0.07088599103545197,0.019168879120879122,0.03916887912087912
133,Regency - Tanglewood - Marquee - Wildwood,2016-04-01,56776.049,653.016407274765, -  Per Unit,0.0690097058999049,0.017444373626373622,0.03744437362637362
134,Regency - Tanglewood - Marquee - Wildwood,2016-07-01,56808.4285,631.2252219505898, -  Per Unit,0.06666882770227553,0.015583554347826083,0.035583554347826084
135,Regency - Tanglewood - Marquee - Wildwood,2016-10-01,57635.5771,660.0806386415866, -  Per Unit,0.0687159568989467,0.021299489130434782,0.04129948913043478
136,Regency - Tanglewood - Marquee - Wildwood,2017-01-01,59565.5482,707.721559108541, -  Per Unit,0.07128834507480024,0.02442081111111111,0.04442081111111111
137,Regency - Tanglewood - Marquee - Wildwood,2017-04-01,63100.9079,774.8827810309273, -  Per Unit,0.07368034535340758,0.022559846153846156,0.042559846153846156
138,Regency - Tanglewood - Marquee - Wildwood,2017-07-01,65789.3476,824.5555230823087, -  Per Unit,0.07519960782365095,0.022373510869565214,0.042373510869565215
139,Regency - Tanglewood - Marquee - Wildwood,2017-10-01,67750.7835,883.1785402944769, -  Per Unit,0.07821416916553978,0.023700913043478263,0.043700913043478264
140,Regency - Tanglewood - Marquee - Wildwood,2018-01-01,70286.8831,931.5581557782717, -  Per Unit,0.07952193479283234,0.027541511111111115,0.047541511111111115
141,Regency - Tanglewood - Marquee - Wildwood,2018-04-01,72930.1584,967.6038332437748, -  Per Unit,0.07960524324684107,0.02919126373626373,0.04919126373626373
142,Regency - Tanglewood - Marquee - Wildwood,2018-07-01,73252.0305,997.635498509626, -  Per Unit,0.08171531833588909,0.029177945652173912,0.04917794565217391
143,Regency - Tanglewood - Marquee - Wildwood,2018-10-01,73618.7498,1001.285973927884, -  Per Unit,0.08160578466611375,0.030362239130434784,0.050362239130434784
144,Regency - Tanglewood - Marquee - Wildwood,2019-01-01,75233.4234,1023.3420727861817, -  Per Unit,0.08161335958449939,0.026483777777777776,0.04648377777777778
145,Regency - Tanglewood - Marquee - Wildwood,2019-04-01,68804.217,1013.1661931185982, -  Per Unit,0.0883521014229635,0.02333271428571428,0.04333271428571428
146,Regency - Tanglewood - Marquee - Wildwood,2019-07-01,68863.3038,993.2772247604973, -  Per Unit,0.08654338406231077,0.017925108695652173,0.037925108695652174
147,Regency - Tanglewood - Marquee - Wildwood,2019-10-01,71320.6609,966.3748391379235, -  Per Unit,0.08129830769455952,0.01790935869565218,0.03790935869565218
148,Regency - Tanglewood - Marquee - Wildwood,2020-01-01,71086.8568,887.3354110570247, -  Per Unit,0.07489447003292103,0.013767076923076927,0.03376707692307693
149,Regency - Tanglewood - Marquee - Wildwood,2020-04-01,68154.1018,782.7052867857524, -  Per Unit,0.06890607603480314,0.006787263736263736,0.026787263736263736
150,Regency - Tanglewood - Marquee - Wildwood,2020-07-01,68287.0499,711.37548172869, -  Per Unit,0.0625045729259442,0.006458163043478262,0.026458163043478262
151,Regency - Tanglewood - Marquee - Wildwood,2020-10-01,69089.9714,679.9714238065278, -  Per Unit,0.0590509513923343,0.008540815217391303,0.028540815217391304
152,Regency - Tanglewood - Marquee - Wildwood,2021-01-01,71167.6577,662.0931987779035, -  Per Unit,0.0558197265591252,0.013100944444444446,0.03310094444444445
153,Regency - Tanglewood - Marquee - Wildwood,2021-04-01,74065.7198,678.6888361192212, -  Per Unit,0.05497999651811021,0.01579798901098901,0.03579798901098901
154,Regency - Tanglewood - Marquee - Wildwood,2021-07-01,76686.9257,686.6484350571558, -  Per Unit,0.05372350726980485,0.01318886956521739,0.03318886956521739
155,Regency - Tanglewood - Marquee - Wildwood,2021-10-01,79038.9222,694.8069271930075, -  Per Unit,0.05274416005584202,0.015224673913043479,0.03522467391304348
156,Regency - Tanglewood - Marquee - Wildwood,2022-01-01,81782.6573,715.1385009663502, -  Per Unit,0.05246627032499348,0.019318333333333337,0.03931833333333334
157,Regency - Tanglewood - Marquee - Wildwood,2022-04-01,83046.0171,755.3376464581737, -  Per Unit,0.054572465206751526,0.029186923076923072,0.04918692307692307
158,Regency - Tanglewood - Marquee - Wildwood,2022-07-01,81873.8553,800.9287028835204, -  Per Unit,0.05869483243084953,0.03082071739130435,0.05082071739130435
159,Regency - Tanglewood - Marquee - Wildwood,2022-10-01,79296.1898,828.8362593935971, -  Per Unit,0.06271445789393505,0.03819154347826087,0.058191543478260874
160,Regency - Tanglewood - Marquee - Wildwood,2023-01-01,77575.9957,889.8602153363655, -  Per Unit,0.06882491476700689,0.03644471111111111,0.056444711111111115
161,Regency - Tanglewood - Marquee - Wildwood,2023-04-01,76042.9449,887.9084245850977, -  Per Unit,0.07005844598097076,0.035932131868131864,0.05593213186813187
162,Regency - Tanglewood - Marquee - Wildwood,2023-07-01,75132.7384,882.7261294700733, -  Per Unit,0.07049332806989023,0.0413559347826087,0.0613559347826087
163,Regency - Tanglewood - Marquee - Wildwood,2023-10-01,74768.7947,902.7524949019584, -  Per Unit,0.07244352394798936,0.044335195652173906,0.06433519565217391
164,Sutton Place,2003-07-01,31499.2648,518.1843501629629, -  Per Unit,0.09870408470542391,0.04193382608695652,0.06193382608695652
165,Sutton Place,2003-10-01,32248.9726,515.3261991932377, -  Per Unit,0.09587769612106731,0.04262122826086956,0.06262122826086956
166,Sutton Place,2004-01-01,32882.4782,513.0487779714169, -  Per Unit,0.09361498391652555,0.039974626373626365,0.05997462637362637
167,Sutton Place,2004-04-01,33317.6601,509.6656755673898, -  Per Unit,0.09178297768288772,0.04577706593406593,0.06577706593406593
168,Sutton Place,2004-07-01,34771.6958,508.2550218086697, -  Per Unit,0.08770150723715978,0.042859152173913034,0.06285915217391304
169,Sutton Place,2004-10-01,35503.2661,508.292361141837, -  Per Unit,0.08590066497715888,0.04158758695652173,0.06158758695652174
170,Sutton Place,2005-01-01,35733.539,511.0849609031505, -  Per Unit,0.0858160107068853,0.04289902222222222,0.06289902222222223
171,Sutton Place,2005-04-01,36971.735,516.2738640696556, -  Per Unit,0.08378409031704716,0.0414963846153846,0.061496384615384606
172,Sutton Place,2005-07-01,38076.4135,523.8450895676574, -  Per Unit,0.0825463915451476,0.041970032608695654,0.06197003260869566
173,Sutton Place,2005-10-01,39114.7504,529.6675686190285, -  Per Unit,0.08124826003527742,0.044725456521739135,0.06472545652173914
174,Sutton Place,2006-01-01,39801.1034,536.3935545609277, -  Per Unit,0.08086110817132688,0.0455748,0.0655748
175,Sutton Place,2006-04-01,39981.4863,538.5111399488525, -  Per Unit,0.0808140751809198,0.05059930769230769,0.0705993076923077
176,Sutton Place,2006-07-01,39975.9104,539.2092974117766, -  Per Unit,0.08093013397565198,0.04888030434782609,0.06888030434782609
177,Sutton Place,2006-10-01,39806.2552,541.7368169711149, -  Per Unit,0.08165603334188264,0.046273163043478255,0.06627316304347826
178,Sutton Place,2007-01-01,40176.7154,545.3059322969203, -  Per Unit,0.0814361144560245,0.04678804444444444,0.06678804444444444
179,Sutton Place,2007-04-01,39926.1085,549.2177744007206, -  Per Unit,0.0825351322782766,0.048424120879120874,0.06842412087912088
180,Sutton Place,2007-07-01,40403.597,554.3334522252994, -  Per Unit,0.0823194210493634,0.04731413043478261,0.06731413043478261
181,Sutton Place,2007-10-01,39336.9437,558.1485260830091, -  Per Unit,0.08513348627280502,0.04256776086956521,0.06256776086956521
182,Sutton Place,2008-01-01,38279.6985,561.5714074893401, -  Per Unit,0.08802129005629553,0.036362956043956035,0.05636295604395604
183,Sutton Place,2008-04-01,36006.2734,565.5821621478027, -  Per Unit,0.09424727005730109,0.03861756043956044,0.05861756043956044
184,Sutton Place,2008-07-01,34596.1052,572.3071094449737, -  Per Unit,0.09925518022386641,0.0385636847826087,0.058563684782608705
185,Sutton Place,2008-10-01,32352.6402,577.6615627737482, -  Per Unit,0.1071309591803419,0.03215653260869565,0.052156532608695655
186,Sutton Place,2009-01-01,30713.0096,581.4670023608415, -  Per Unit,0.11359362236402418,0.02706626666666667,0.04706626666666667
187,Sutton Place,2009-04-01,29671.1831,573.539538402725, -  Per Unit,0.11597910399522796,0.0330422967032967,0.0530422967032967
188,Sutton Place,2009-07-01,29598.8343,572.0819018353645, -  Per Unit,0.1159671146580319,0.03501017391304348,0.055010173913043484
189,Sutton Place,2009-10-01,30219.4329,565.8524554034777, -  Per Unit,0.11234872420193122,0.03446005434782608,0.05446005434782608
190,Sutton Place,2010-01-01,31906.1857,562.4344285232949, -  Per Unit,0.10576653075581419,0.037015599999999996,0.0570156
191,Sutton Place,2010-04-01,34448.1586,558.2982635315423, -  Per Unit,0.09724147000383508,0.03472313186813186,0.054723131868131866
192,Sutton Place,2010-07-01,37258.9347,559.24738251197, -  Per Unit,0.09005851407425829,0.027772521739130435,0.047772521739130436
193,Sutton Place,2010-10-01,39636.8818,555.6930244925832, -  Per Unit,0.08411756918162767,0.02846854347826087,0.04846854347826087
194,Sutton Place,2011-01-01,42004.977,557.8718219927287, -  Per Unit,0.07968653171638142,0.034341344444444435,0.05434134444444444
195,Sutton Place,2011-04-01,43185.4502,560.1720688945784, -  Per Unit,0.07782788874034872,0.03185416483516483,0.051854164835164834
196,Sutton Place,2011-07-01,43583.5282,562.1140695550425, -  Per Unit,0.0773843825092218,0.024121673913043474,0.044121673913043474
197,Sutton Place,2011-10-01,43957.668,567.5063396237821, -  Per Unit,0.07746175337924416,0.02037721739130435,0.04037721739130435
198,Sutton Place,2012-01-01,44201.7433,573.2731595052613, -  Per Unit,0.07781681671889099,0.02017664835164835,0.04017664835164835
199,Sutton Place,2012-04-01,45005.7859,577.6718637985939, -  Per Unit,0.07701301318219095,0.018039802197802202,0.0380398021978022
200,Sutton Place,2012-07-01,46056.4495,586.3228972450453, -  Per Unit,0.07638316504337295,0.016254673913043475,0.036254673913043475
201,Sutton Place,2012-10-01,46481.8962,593.449962774379, -  Per Unit,0.07660401291129498,0.016895326086956524,0.036895326086956524
202,Sutton Place,2013-01-01,46751.3007,595.9698397031395, -  Per Unit,0.07648597974128316,0.019283033333333335,0.039283033333333335
203,Sutton Place,2013-04-01,47971.8656,608.8567229922044, -  Per Unit,0.07615172543869601,0.019750263736263738,0.03975026373626374
204,Sutton Place,2013-07-01,47372.6723,626.0629829443496, -  Per Unit,0.07929419463351865,0.026953282608695655,0.046953282608695655
205,Sutton Place,2013-10-01,47679.1298,629.6082014460628, -  Per Unit,0.079230666006752,0.02733794565217391,0.04733794565217391
206,Sutton Place,2014-01-01,49132.3373,636.5630253042407, -  Per Unit,0.0777365450478059,0.02755097777777778,0.04755097777777778
207,Sutton Place,2014-04-01,49424.3926,646.3206943826659, -  Per Unit,0.07846174656471136,0.02608876923076924,0.04608876923076924
208,Sutton Place,2014-07-01,50656.64,656.6046637160249, -  Per Unit,0.07777120595239143,0.02486604347826087,0.04486604347826087
209,Sutton Place,2014-10-01,51626.278,666.1119376606802, -  Per Unit,0.07741545160323354,0.022648728260869565,0.042648728260869566
210,Sutton Place,2015-01-01,53104.6239,680.8415640442402, -  Per Unit,0.0769245516540687,0.019670200000000002,0.0396702
211,Sutton Place,2015-04-01,54681.1227,692.6531416684525, -  Per Unit,0.07600280763823299,0.021531857142857148,0.04153185714285715
212,Sutton Place,2015-07-01,55540.8443,701.0931743843614, -  Per Unit,0.07573811848420477,0.022143967391304354,0.042143967391304354
213,Sutton Place,2015-10-01,56565.8991,700.287683508097, -  Per Unit,0.07428019651239985,0.021806923913043483,0.041806923913043484
214,Sutton Place,2016-01-01,57820.0563,701.6065202717763, -  Per Unit,0.07280586341509075,0.019168879120879122,0.03916887912087912
215,Sutton Place,2016-04-01,58308.5967,705.2880934619318, -  Per Unit,0.07257469396054923,0.017444373626373622,0.03744437362637362
216,Sutton Place,2016-07-01,58504.6946,701.455625669333, -  Per Unit,0.07193839370996388,0.015583554347826083,0.035583554347826084
217,Sutton Place,2016-10-01,58453.1176,700.474062832255, -  Per Unit,0.07190111579255662,0.021299489130434782,0.04129948913043478
218,Sutton Place,2017-01-01,59127.4531,709.390691407225, -  Per Unit,0.07198592067283463,0.02442081111111111,0.04442081111111111
219,Sutton Place,2017-04-01,60539.0745,713.1216923724062, -  Per Unit,0.07067716494797814,0.022559846153846156,0.042559846153846156
220,Sutton Place,2017-07-01,62055.2652,707.9030803209938, -  Per Unit,0.06844573894313101,0.022373510869565214,0.042373510869565215
221,Sutton Place,2017-10-01,62585.4613,716.1905606459006, -  Per Unit,0.06866040889716034,0.023700913043478263,0.043700913043478264
222,Sutton Place,2018-01-01,63681.4964,719.4869729627101, -  Per Unit,0.06778926504271436,0.027541511111111115,0.047541511111111115
223,Sutton Place,2018-04-01,66206.9968,726.4372601991056, -  Per Unit,0.06583327702299033,0.02919126373626373,0.04919126373626373
224,Sutton Place,2018-07-01,68258.4646,729.8405232556685, -  Per Unit,0.0641538476611736,0.029177945652173912,0.04917794565217391
225,Sutton Place,2018-10-01,69834.6996,721.15256859982, -  Per Unit,0.06195939033722027,0.030362239130434784,0.050362239130434784
226,Sutton Place,2019-01-01,71456.3805,732.4516269858289, -  Per Unit,0.06150199228066098,0.026483777777777776,0.04648377777777778
227,Sutton Place,2019-04-01,72934.7735,746.7454717329493, -  Per Unit,0.06143122978777327,0.02333271428571428,0.04333271428571428
228,Sutton Place,2019-07-01,73944.4531,759.4694788924063, -  Per Unit,0.061624864101597336,0.017925108695652173,0.037925108695652174
229,Sutton Place,2019-10-01,74567.1049,754.2517018672304, -  Per Unit,0.06069043738887845,0.01790935869565218,0.03790935869565218
230,Sutton Place,2020-01-01,76392.014,759.151938074036, -  Per Unit,0.059625494733575375,0.013767076923076927,0.03376707692307693
231,Sutton Place,2020-04-01,77867.4068,772.0341226316046, -  Per Unit,0.05948836523716915,0.006787263736263736,0.026787263736263736
232,Sutton Place,2020-07-01,78974.075,779.0265886169442, -  Per Unit,0.059185999097826285,0.006458163043478262,0.026458163043478262
233,Sutton Place,2020-10-01,80734.1247,775.9304136996727, -  Per Unit,0.05766560917700811,0.008540815217391303,0.028540815217391304
234,Sutton Place,2021-01-01,83711.0099,790.4783345749024, -  Per Unit,0.056657660839538077,0.013100944444444446,0.03310094444444445
235,Sutton Place,2021-04-01,89696.6877,817.8530964959243, -  Per Unit,0.05470791290964857,0.01579798901098901,0.03579798901098901
236,Sutton Place,2021-07-01,93040.7026,845.4799861984357, -  Per Unit,0.054523233116584545,0.01318886956521739,0.03318886956521739
237,Sutton Place,2021-10-01,95635.7769,862.3157119475219, -  Per Unit,0.054099986839602196,0.015224673913043479,0.03522467391304348
238,Sutton Place,2022-01-01,97201.2012,876.4670377799848, -  Per Unit,0.05410223496991012,0.019318333333333337,0.03931833333333334
239,Sutton Place,2022-04-01,96218.1847,880.3000480803892, -  Per Unit,0.05489399228379264,0.029186923076923072,0.04918692307692307
240,Sutton Place,2022-07-01,93714.3226,863.8965208878508, -  Per Unit,0.05531042621362452,0.03082071739130435,0.05082071739130435
241,Sutton Place,2022-10-01,90441.5449,857.7228727700422, -  Per Unit,0.05690235878113857,0.03819154347826087,0.058191543478260874
242,Sutton Place,2023-01-01,88369.5743,858.4576626002129, -  Per Unit,0.058286418333479265,0.03644471111111111,0.056444711111111115
243,Sutton Place,2023-04-01,86804.9021,861.3250204875295, -  Per Unit,0.059535233585905706,0.035932131868131864,0.05593213186813187
244,Sutton Place,2023-07-01,86149.578,850.397246334426, -  Per Unit,0.0592270281115777,0.0413559347826087,0.0613559347826087
245,Sutton Place,2023-10-01,85990.5245,844.3109687871843, -  Per Unit,0.05891190735466564,0.044335195652173906,0.06433519565217391
246,Turks (Approx) - Miami S. Beach 5 stars,2003-07-01,110921.2989,2517.61787824126, -  Per Unit,0.13618400991739163,0.04193382608695652,0.06193382608695652
247,Turks (Approx) - Miami S. Beach 5 stars,2003-10-01,114683.2597,2510.107568099075, -  Per Unit,0.13132383442877016,0.04262122826086956,0.06262122826086956
248,Turks (Approx) - Miami S. Beach 5 stars,2004-01-01,119056.1079,2506.040551219834, -  Per Unit,0.12629543811350316,0.039974626373626365,0.05997462637362637
249,Turks (Approx) - Miami S. Beach 5 stars,2004-04-01,122604.0432,2527.53747010132, -  Per Unit,0.12369269744122044,0.04577706593406593,0.06577706593406593
250,Turks (Approx) - Miami S. Beach 5 stars,2004-07-01,125790.9718,2513.524770618204, -  Per Unit,0.11989054864515504,0.042859152173913034,0.06285915217391304
251,Turks (Approx) - Miami S. Beach 5 stars,2004-10-01,145918.6963,2554.83561528003, -  Per Unit,0.10505174511814892,0.04158758695652173,0.06158758695652174
252,Turks (Approx) - Miami S. Beach 5 stars,2005-01-01,151442.5913,2612.015692341228, -  Per Unit,0.10348538029834521,0.04289902222222222,0.06289902222222223
253,Turks (Approx) - Miami S. Beach 5 stars,2005-04-01,157043.4764,2671.7456161733317, -  Per Unit,0.10207666096367686,0.0414963846153846,0.061496384615384606
254,Turks (Approx) - Miami S. Beach 5 stars,2005-07-01,162175.9123,2729.0816029242715, -  Per Unit,0.1009674580233308,0.041970032608695654,0.06197003260869566
255,Turks (Approx) - Miami S. Beach 5 stars,2005-10-01,164159.2394,2768.3971344599563, -  Per Unit,0.10118457460859641,0.044725456521739135,0.06472545652173914
256,Turks (Approx) - Miami S. Beach 5 stars,2006-01-01,199026.8463,2816.9278653618726, -  Per Unit,0.08492104209245682,0.0455748,0.0655748
257,Turks (Approx) - Miami S. Beach 5 stars,2006-04-01,202281.1874,2877.155042752048, -  Per Unit,0.08534125431237352,0.05059930769230769,0.0705993076923077
258,Turks (Approx) - Miami S. Beach 5 stars,2006-07-01,205295.9624,2932.390048797655, -  Per Unit,0.08570232013869324,0.04888030434782609,0.06888030434782609
259,Turks (Approx) - Miami S. Beach 5 stars,2006-10-01,207977.9727,2973.076282230997, -  Per Unit,0.08577089901302794,0.046273163043478255,0.06627316304347826
260,Turks (Approx) - Miami S. Beach 5 stars,2007-01-01,211287.2015,3021.0486389969356, -  Per Unit,0.08578982401819361,0.04678804444444444,0.06678804444444444
261,Turks (Approx) - Miami S. Beach 5 stars,2007-04-01,219041.8482,3078.626281391558, -  Per Unit,0.08432981113035252,0.048424120879120874,0.06842412087912088
262,Turks (Approx) - Miami S. Beach 5 stars,2007-07-01,217229.4468,3071.7641514027478, -  Per Unit,0.08484386062717021,0.04731413043478261,0.06731413043478261
263,Turks (Approx) - Miami S. Beach 5 stars,2007-10-01,208988.5461,2997.8812250722744, -  Per Unit,0.08606829267010076,0.04256776086956521,0.06256776086956521
264,Turks (Approx) - Miami S. Beach 5 stars,2008-01-01,199100.7667,2979.0651588478713, -  Per Unit,0.08977560081433492,0.036362956043956035,0.05636295604395604
265,Turks (Approx) - Miami S. Beach 5 stars,2008-04-01,186349.8598,2965.8676210341523, -  Per Unit,0.09549352892083535,0.03861756043956044,0.05861756043956044
266,Turks (Approx) - Miami S. Beach 5 stars,2008-07-01,172129.7535,2929.690743217216, -  Per Unit,0.10212147581622662,0.0385636847826087,0.058563684782608705
267,Turks (Approx) - Miami S. Beach 5 stars,2008-10-01,158555.4072,2886.6846838274687, -  Per Unit,0.10923694378405793,0.03215653260869565,0.052156532608695655
268,Turks (Approx) - Miami S. Beach 5 stars,2009-01-01,148413.9408,2834.113740974107, -  Per Unit,0.1145760455802454,0.02706626666666667,0.04706626666666667
269,Turks (Approx) - Miami S. Beach 5 stars,2009-04-01,142739.7492,2823.3847866764454, -  Per Unit,0.11867968673759359,0.0330422967032967,0.0530422967032967
270,Turks (Approx) - Miami S. Beach 5 stars,2009-07-01,142445.4181,2833.7534435987473, -  Per Unit,0.11936165366622264,0.03501017391304348,0.055010173913043484
271,Turks (Approx) - Miami S. Beach 5 stars,2009-10-01,146418.8258,2847.4498856223654, -  Per Unit,0.11668376126080225,0.03446005434782608,0.05446005434782608
272,Turks (Approx) - Miami S. Beach 5 stars,2010-01-01,155780.3211,2879.964285490132, -  Per Unit,0.11092406018246931,0.037015599999999996,0.0570156
273,Turks (Approx) - Miami S. Beach 5 stars,2010-04-01,168327.1487,2912.492795610889, -  Per Unit,0.10381543861834175,0.03472313186813186,0.054723131868131866
274,Turks (Approx) - Miami S. Beach 5 stars,2010-07-01,179783.4656,2905.736345392419, -  Per Unit,0.09697453552900315,0.027772521739130435,0.047772521739130436
275,Turks (Approx) - Miami S. Beach 5 stars,2010-10-01,197996.2579,2896.7027841152344, -  Per Unit,0.0877805312536233,0.02846854347826087,0.04846854347826087
276,Turks (Approx) - Miami S. Beach 5 stars,2011-01-01,208654.6762,2900.5308254277334, -  Per Unit,0.08340663755786175,0.034341344444444435,0.05434134444444444
277,Turks (Approx) - Miami S. Beach 5 stars,2011-04-01,212787.9583,2899.3687525987616, -  Per Unit,0.08175374515820319,0.03185416483516483,0.051854164835164834
278,Turks (Approx) - Miami S. Beach 5 stars,2011-07-01,214532.9472,2902.500128825137, -  Per Unit,0.08117634610554972,0.024121673913043474,0.044121673913043474
279,Turks (Approx) - Miami S. Beach 5 stars,2011-10-01,215341.6515,2914.7406778465725, -  Per Unit,0.0812125473416806,0.02037721739130435,0.04037721739130435
280,Turks (Approx) - Miami S. Beach 5 stars,2012-01-01,225755.2237,2930.7458925575484, -  Per Unit,0.07789177617751526,0.02017664835164835,0.04017664835164835
281,Turks (Approx) - Miami S. Beach 5 stars,2012-04-01,230041.5039,2953.1874731157445, -  Per Unit,0.07702577377687916,0.018039802197802202,0.0380398021978022
282,Turks (Approx) - Miami S. Beach 5 stars,2012-07-01,233111.2895,2959.2462210606645, -  Per Unit,0.07616738496212551,0.016254673913043475,0.036254673913043475
283,Turks (Approx) - Miami S. Beach 5 stars,2012-10-01,236063.0725,3109.5967734195287, -  Per Unit,0.07903642210078059,0.016895326086956524,0.036895326086956524
284,Turks (Approx) - Miami S. Beach 5 stars,2013-01-01,238291.2457,3205.6652043705094, -  Per Unit,0.08071631490163073,0.019283033333333335,0.039283033333333335
285,Turks (Approx) - Miami S. Beach 5 stars,2013-04-01,239127.7008,3238.9908831491525, -  Per Unit,0.08127015495853802,0.019750263736263738,0.03975026373626374
286,Turks (Approx) - Miami S. Beach 5 stars,2013-07-01,239629.6722,3270.495556948708, -  Per Unit,0.08188874592005659,0.026953282608695655,0.046953282608695655
287,Turks (Approx) - Miami S. Beach 5 stars,2013-10-01,241683.2359,3324.833449790458, -  Per Unit,0.08254192982999012,0.02733794565217391,0.04733794565217391
288,Turks (Approx) - Miami S. Beach 5 stars,2014-01-01,246948.9005,3344.7400131394097, -  Per Unit,0.08126555752304902,0.02755097777777778,0.04755097777777778
289,Turks (Approx) - Miami S. Beach 5 stars,2014-04-01,250353.1699,3282.521487180055, -  Per Unit,0.07866938106254963,0.02608876923076924,0.04608876923076924
290,Turks (Approx) - Miami S. Beach 5 stars,2014-07-01,256143.1539,3246.7978032259257, -  Per Unit,0.07605429433792708,0.02486604347826087,0.04486604347826087
291,Turks (Approx) - Miami S. Beach 5 stars,2014-10-01,261387.8212,3610.5169487796275, -  Per Unit,0.08287724192054961,0.022648728260869565,0.042648728260869566
292,Turks (Approx) - Miami S. Beach 5 stars,2015-01-01,268604.2731,3703.128138855157, -  Per Unit,0.08271934238685401,0.019670200000000002,0.0396702
293,Turks (Approx) - Miami S. Beach 5 stars,2015-04-01,272654.671,3759.6682590673504, -  Per Unit,0.08273472620758478,0.021531857142857148,0.04153185714285715
294,Turks (Approx) - Miami S. Beach 5 stars,2015-07-01,277921.5635,3603.5273962958076, -  Per Unit,0.07779592236560963,0.022143967391304354,0.042143967391304354
295,Turks (Approx) - Miami S. Beach 5 stars,2015-10-01,281414.2427,3712.200879122732, -  Per Unit,0.07914739872807579,0.021806923913043483,0.041806923913043484
296,Turks (Approx) - Miami S. Beach 5 stars,2016-01-01,285034.5023,3665.7351620827435, -  Per Unit,0.07716403030166241,0.019168879120879122,0.03916887912087912
297,Turks (Approx) - Miami S. Beach 5 stars,2016-04-01,292264.0929,3598.6140366503964, -  Per Unit,0.07387730735465375,0.017444373626373622,0.03744437362637362
298,Turks (Approx) - Miami S. Beach 5 stars,2016-07-01,294315.9375,3514.029966791441, -  Per Unit,0.07163791393644338,0.015583554347826083,0.035583554347826084
299,Turks (Approx) - Miami S. Beach 5 stars,2016-10-01,296333.2778,3422.929366817989, -  Per Unit,0.06930566945899701,0.021299489130434782,0.04129948913043478
300,Turks (Approx) - Miami S. Beach 5 stars,2017-01-01,298421.5916,3416.374648091589, -  Per Unit,0.06868889003187507,0.02442081111111111,0.04442081111111111
301,Turks (Approx) - Miami S. Beach 5 stars,2017-04-01,316579.3732,3251.759421307944, -  Per Unit,0.0616292727180359,0.022559846153846156,0.042559846153846156
302,Turks (Approx) - Miami S. Beach 5 stars,2017-07-01,305994.0158,3458.2544271417446, -  Per Unit,0.06781023644727914,0.022373510869565214,0.042373510869565215
303,Turks (Approx) - Miami S. Beach 5 stars,2017-10-01,308056.2978,3335.5774257896765, -  Per Unit,0.06496690604173734,0.023700913043478263,0.043700913043478264
304,Turks (Approx) - Miami S. Beach 5 stars,2018-01-01,310460.0627,3510.0209580436363, -  Per Unit,0.06783521708108518,0.027541511111111115,0.047541511111111115
305,Turks (Approx) - Miami S. Beach 5 stars,2018-04-01,313603.4003,3628.4067842808495, -  Per Unit,0.06942029545871956,0.02919126373626373,0.04919126373626373
306,Turks (Approx) - Miami S. Beach 5 stars,2018-07-01,313880.0494,3650.6342981473485, -  Per Unit,0.06978400134304327,0.029177945652173912,0.04917794565217391
307,Turks (Approx) - Miami S. Beach 5 stars,2018-10-01,318887.3608,3665.773995518632, -  Per Unit,0.06897308164843324,0.030362239130434784,0.050362239130434784
308,Turks (Approx) - Miami S. Beach 5 stars,2019-01-01,320994.2161,3678.5291265673645, -  Per Unit,0.0687587926896736,0.026483777777777776,0.04648377777777778
309,Turks (Approx) - Miami S. Beach 5 stars,2019-04-01,323522.1231,3688.817219709343, -  Per Unit,0.0684123333087018,0.02333271428571428,0.04333271428571428
310,Turks (Approx) - Miami S. Beach 5 stars,2019-07-01,327477.9716,3701.141033852188, -  Per Unit,0.06781172515089906,0.017925108695652173,0.037925108695652174
311,Turks (Approx) - Miami S. Beach 5 stars,2019-10-01,332940.5936,3712.407173626359, -  Per Unit,0.06690215452826102,0.01790935869565218,0.03790935869565218
312,Turks (Approx) - Miami S. Beach 5 stars,2020-01-01,335478.5695,3750.231740009213, -  Per Unit,0.06707251218339083,0.013767076923076927,0.03376707692307693
313,Turks (Approx) - Miami S. Beach 5 stars,2020-04-01,338538.9002,3767.7005240669514, -  Per Unit,0.06677579188402441,0.006787263736263736,0.026787263736263736
314,Turks (Approx) - Miami S. Beach 5 stars,2020-07-01,344416.9256,3833.4085527488546, -  Per Unit,0.06678083917166562,0.006458163043478262,0.026458163043478262
315,Turks (Approx) - Miami S. Beach 5 stars,2020-10-01,357809.9089,3990.468077765253, -  Per Unit,0.0669148837722183,0.008540815217391303,0.028540815217391304
316,Turks (Approx) - Miami S. Beach 5 stars,2021-01-01,378878.0929,4188.866123624144, -  Per Unit,0.06633584050577042,0.013100944444444446,0.03310094444444445
317,Turks (Approx) - Miami S. Beach 5 stars,2021-04-01,405424.125,4355.780009432145, -  Per Unit,0.06446256758053771,0.01579798901098901,0.03579798901098901
318,Turks (Approx) - Miami S. Beach 5 stars,2021-07-01,430037.6658,4510.6064453125, -  Per Unit,0.06293318196099974,0.01318886956521739,0.03318886956521739
319,Turks (Approx) - Miami S. Beach 5 stars,2021-10-01,446731.2825,4864.017578125, -  Per Unit,0.06532809904296326,0.015224673913043479,0.03522467391304348
320,Turks (Approx) - Miami S. Beach 5 stars,2022-01-01,470533.4175,4995.82275390625, -  Per Unit,0.06370416087065166,0.019318333333333337,0.03931833333333334
321,Turks (Approx) - Miami S. Beach 5 stars,2022-04-01,510677.2491,5147.67626953125, -  Per Unit,0.060480582739137145,0.029186923076923072,0.04918692307692307
322,Turks (Approx) - Miami S. Beach 5 stars,2022-07-01,506762.4129,5219.68408203125, -  Per Unit,0.06180036974914226,0.03082071739130435,0.05082071739130435
323,Turks (Approx) - Miami S. Beach 5 stars,2022-10-01,486516.0719,5354.34716796875, -  Per Unit,0.06603293264773336,0.03819154347826087,0.058191543478260874
324,Turks (Approx) - Miami S. Beach 5 stars,2023-01-01,471973.0242,5257.9921875, -  Per Unit,0.06684270394155294,0.03644471111111111,0.056444711111111115
325,Turks (Approx) - Miami S. Beach 5 stars,2023-04-01,460454.6975,4979.22998046875, -  Per Unit,0.06488234357259978,0.035932131868131864,0.05593213186813187
326,Turks (Approx) - Miami S. Beach 5 stars,2023-07-01,451140.5997,4821.5114721731525, -  Per Unit,0.06412428598152373,0.0413559347826087,0.0613559347826087
327,Turks (Approx) - Miami S. Beach 5 stars,2023-10-01,451039.788,4992.920205686708, -  Per Unit,0.06641879947433872,0.044335195652173906,0.06433519565217391
328,el retiro Farm,2003-07-01,568.8941070451485,4.832775597275916, -  Per Squared meter,0.05097021260119023,0.04193382608695652,0.06193382608695652
329,el retiro Farm,2003-10-01,588.2545319982986,4.865093834010597, -  Per Squared meter,0.049622334238383754,0.04262122826086956,0.06262122826086956
330,el retiro Farm,2004-01-01,629.2433454551292,5.193128177444735, -  Per Squared meter,0.04951783644550329,0.039974626373626365,0.05997462637362637
331,el retiro Farm,2004-04-01,644.2052596755844,5.3504832057099225, -  Per Squared meter,0.04983333922238736,0.04577706593406593,0.06577706593406593
332,el retiro Farm,2004-07-01,689.1793624389245,5.563995539274887, -  Per Squared meter,0.0484401812577605,0.042859152173913034,0.06285915217391304
333,el retiro Farm,2004-10-01,740.4837074566482,5.790067946048891, -  Per Squared meter,0.04691582991827978,0.04158758695652173,0.06158758695652174
334,el retiro Farm,2005-01-01,812.1690034815268,6.28900800255355, -  Per Squared meter,0.04646083247891346,0.04289902222222222,0.06289902222222223
335,el retiro Farm,2005-04-01,838.5382732926381,6.453197173807299, -  Per Squared meter,0.046174616324675906,0.0414963846153846,0.061496384615384606
336,el retiro Farm,2005-07-01,859.9003595495626,6.599576216728762, -  Per Squared meter,0.046048890270396804,0.041970032608695654,0.06197003260869566
337,el retiro Farm,2005-10-01,883.0079595274892,6.6088705233313885, -  Per Squared meter,0.044906982674547305,0.044725456521739135,0.06472545652173914
338,el retiro Farm,2006-01-01,899.0246956453929,6.829299752921619, -  Per Squared meter,0.0455780566607394,0.0455748,0.0655748
339,el retiro Farm,2006-04-01,839.7662558671843,6.430074772791968, -  Per Squared meter,0.045941889623692625,0.05059930769230769,0.0705993076923077
340,el retiro Farm,2006-07-01,836.0506712193254,6.539641563381901, -  Per Squared meter,0.04693238188908522,0.04888030434782609,0.06888030434782609
341,el retiro Farm,2006-10-01,923.3048999320242,6.930231340189599, -  Per Squared meter,0.04503538110130132,0.046273163043478255,0.06627316304347826
342,el retiro Farm,2007-01-01,1008.483748954076,7.360125025247009, -  Per Squared meter,0.04378925312111602,0.04678804444444444,0.06678804444444444
343,el retiro Farm,2007-04-01,1149.398704603921,8.350528762882023, -  Per Squared meter,0.04359076826570596,0.048424120879120874,0.06842412087912088
344,el retiro Farm,2007-07-01,1178.623244213626,8.098292820253818, -  Per Squared meter,0.04122586005330469,0.04731413043478261,0.06731413043478261
345,el retiro Farm,2007-10-01,1215.917007722357,8.45944255103892, -  Per Squared meter,0.041743519486835995,0.04256776086956521,0.06256776086956521
346,el retiro Farm,2008-01-01,1332.539327428741,9.146632547956507, -  Per Squared meter,0.04118437194167825,0.036362956043956035,0.05636295604395604
347,el retiro Farm,2008-04-01,1476.888305398223,10.033458844709054, -  Per Squared meter,0.04076188622268358,0.03861756043956044,0.05861756043956044
348,el retiro Farm,2008-07-01,1392.894241055156,9.409338709191701, -  Per Squared meter,0.040531456438776856,0.0385636847826087,0.058563684782608705
349,el retiro Farm,2008-10-01,1197.302306081392,7.870026415313086, -  Per Squared meter,0.039438793571210676,0.03215653260869565,0.052156532608695655
350,el retiro Farm,2009-01-01,1154.130525888085,7.749456601331035, -  Per Squared meter,0.040287245302872234,0.02706626666666667,0.04706626666666667
351,el retiro Farm,2009-04-01,1257.40810537807,8.343239811296485, -  Per Squared meter,0.039811608223033784,0.0330422967032967,0.0530422967032967
352,el retiro Farm,2009-07-01,1444.337177826297,9.219337295539905, -  Per Squared meter,0.03829855287425967,0.03501017391304348,0.055010173913043484
353,el retiro Farm,2009-10-01,1487.976037183066,9.49784675656941, -  Per Squared meter,0.038298385938593804,0.03446005434782608,0.05446005434782608
354,el retiro Farm,2010-01-01,1526.362935281037,9.642889171188523, -  Per Squared meter,0.03790535900066149,0.037015599999999996,0.0570156
355,el retiro Farm,2010-04-01,1565.1629472971,9.851985236992359, -  Per Squared meter,0.03776725709232721,0.03472313186813186,0.054723131868131866
356,el retiro Farm,2010-07-01,1686.175120931174,10.312950380017707, -  Per Squared meter,0.036697079391098404,0.027772521739130435,0.047772521739130436
357,el retiro Farm,2010-10-01,1651.297432121041,10.09736697738728, -  Per Squared meter,0.036688848832342164,0.02846854347826087,0.04846854347826087
358,el retiro Farm,2011-01-01,1696.679319885535,10.428240052279543, -  Per Squared meter,0.03687758763859894,0.034341344444444435,0.05434134444444444
359,el retiro Farm,2011-04-01,1818.896502068195,10.887704396078112, -  Per Squared meter,0.03591530705688246,0.03185416483516483,0.051854164835164834
360,el retiro Farm,2011-07-01,1818.288492383457,10.954933199481085, -  Per Squared meter,0.036149158657835724,0.024121673913043474,0.044121673913043474
361,el retiro Farm,2011-10-01,1710.076721447639,10.380411843996772, -  Per Squared meter,0.036420863627250805,0.02037721739130435,0.04037721739130435
362,el retiro Farm,2012-01-01,1843.785382176395,11.126839873436191, -  Per Squared meter,0.03620868235857948,0.02017664835164835,0.04017664835164835
363,el retiro Farm,2012-04-01,1926.871520751713,11.166958713485418, -  Per Squared meter,0.03477229880629183,0.018039802197802202,0.0380398021978022
364,el retiro Farm,2012-07-01,1966.881039167129,11.168501114777433, -  Per Squared meter,0.03406967953539287,0.016254673913043475,0.036254673913043475
365,el retiro Farm,2012-10-01,2001.959673123341,10.962151757152718, -  Per Squared meter,0.03285426346291044,0.016895326086956524,0.036895326086956524
366,el retiro Farm,2013-01-01,2071.263050290997,11.179080898001322, -  Per Squared meter,0.0323833736997261,0.019283033333333335,0.039283033333333335
367,el retiro Farm,2013-04-01,2102.17081664087,11.227600961614112, -  Per Squared meter,0.03204573350386933,0.019750263736263738,0.03975026373626374
368,el retiro Farm,2013-07-01,2154.888350203023,10.832722252989115, -  Per Squared meter,0.030162274306142614,0.026953282608695655,0.046953282608695655
369,el retiro Farm,2013-10-01,2140.733664147479,10.955810646430407, -  Per Squared meter,0.030706698819892922,0.02733794565217391,0.04733794565217391
370,el retiro Farm,2014-01-01,2099.669450136032,10.219828730385808, -  Per Squared meter,0.029204107521944543,0.02755097777777778,0.04755097777777778
371,el retiro Farm,2014-04-01,2291.983839797124,11.149093178324538, -  Per Squared meter,0.029186313580582855,0.02608876923076924,0.04608876923076924
372,el retiro Farm,2014-07-01,2407.896392765408,11.285684250093563, -  Per Squared meter,0.028121685677178758,0.02486604347826087,0.04486604347826087
373,el retiro Farm,2014-10-01,2172.165841233111,9.829096527820939, -  Per Squared meter,0.02715012732796061,0.022648728260869565,0.042648728260869566
374,el retiro Farm,2015-01-01,1953.300055958171,8.77467398253189, -  Per Squared meter,0.026953382679019786,0.019670200000000002,0.0396702
375,el retiro Farm,2015-04-01,1967.438948240956,8.96680782473837, -  Per Squared meter,0.02734562462359118,0.021531857142857148,0.04153185714285715
376,el retiro Farm,2015-07-01,1679.55289037713,7.527389701230323, -  Per Squared meter,0.026890691246549938,0.022143967391304354,0.042143967391304354
377,el retiro Farm,2015-10-01,1650.045557035687,7.567386158813689, -  Per Squared meter,0.02751700809670441,0.021806923913043483,0.041806923913043484
378,el retiro Farm,2016-01-01,1218.329617403511,7.242023809320975, -  Per Squared meter,0.03566534231395484,0.019168879120879122,0.03916887912087912
379,el retiro Farm,2016-04-01,1158.882641986308,8.045989237751897, -  Per Squared meter,0.041657311687546834,0.017444373626373622,0.03744437362637362
380,el retiro Farm,2016-07-01,1203.628837819463,8.341293185906343, -  Per Squared meter,0.04158072450815184,0.015583554347826083,0.035583554347826084
381,el retiro Farm,2016-10-01,1204.365561171502,8.044233732385143, -  Per Squared meter,0.040075375741699615,0.021299489130434782,0.04129948913043478
382,el retiro Farm,2017-01-01,1274.408306131559,8.553993670294496, -  Per Squared meter,0.040272777393894926,0.02442081111111111,0.04442081111111111
383,el retiro Farm,2017-04-01,1306.161309432668,8.602623777510555, -  Per Squared meter,0.03951712724325195,0.022559846153846156,0.042559846153846156
384,el retiro Farm,2017-07-01,1311.698533543369,8.378836742726984, -  Per Squared meter,0.038326657513717284,0.022373510869565214,0.042373510869565215
385,el retiro Farm,2017-10-01,1318.476581170519,8.376932000681498, -  Per Squared meter,0.038120959235747424,0.023700913043478263,0.043700913043478264
386,el retiro Farm,2018-01-01,1394.467742281682,9.019308258115332, -  Per Squared meter,0.038807530578043745,0.027541511111111115,0.047541511111111115
387,el retiro Farm,2018-04-01,1430.901181247012,8.904353959974015, -  Per Squared meter,0.037337395803450184,0.02919126373626373,0.04919126373626373
388,el retiro Farm,2018-07-01,1414.775617397486,8.68397524865906, -  Per Squared meter,0.03682834991728275,0.029177945652173912,0.04917794565217391
389,el retiro Farm,2018-10-01,1351.737058177579,8.184791271280139, -  Per Squared meter,0.03633010379540054,0.030362239130434784,0.050362239130434784
390,el retiro Farm,2019-01-01,1388.194414392677,8.503620551233388, -  Per Squared meter,0.036754018585877894,0.026483777777777776,0.04648377777777778
391,el retiro Farm,2019-04-01,1351.827528881496,8.275819260168932, -  Per Squared meter,0.0367316943176162,0.02333271428571428,0.04333271428571428
392,el retiro Farm,2019-07-01,1319.888008011958,8.121611491988231, -  Per Squared meter,0.03691954821631192,0.017925108695652173,0.037925108695652174
393,el retiro Farm,2019-10-01,1320.996387281488,8.029061583347351, -  Per Squared meter,0.03646820685045427,0.01790935869565218,0.03790935869565218
394,el retiro Farm,2020-01-01,1288.802632892658,7.778433971080976, -  Per Squared meter,0.03621237467659097,0.013767076923076927,0.03376707692307693
395,el retiro Farm,2020-04-01,1210.714278059718,7.068455814466191, -  Per Squared meter,0.0350295157621865,0.006787263736263736,0.026787263736263736
396,el retiro Farm,2020-07-01,1258.433797384911,7.239140596042917, -  Per Squared meter,0.034515000841933284,0.006458163043478262,0.026458163043478262
397,el retiro Farm,2020-10-01,1296.298804836071,7.533287251103492, -  Per Squared meter,0.03486829065798366,0.008540815217391303,0.028540815217391304
398,el retiro Farm,2021-01-01,1346.845290936295,7.917653686040981, -  Per Squared meter,0.03527199629826889,0.013100944444444446,0.03310094444444445
399,el retiro Farm,2021-04-01,1309.426796984164,7.522493621135147, -  Per Squared meter,0.03446925160747015,0.01579798901098901,0.03579798901098901
400,el retiro Farm,2021-07-01,1280.302304011318,7.430233642098618, -  Per Squared meter,0.03482099634821684,0.01318886956521739,0.03318886956521739
401,el retiro Farm,2021-10-01,1288.286844731025,7.4584125421783884, -  Per Squared meter,0.03473642181172281,0.015224673913043479,0.03522467391304348
402,el retiro Farm,2022-01-01,1321.436921542891,7.5333348040238945, -  Per Squared meter,0.0342051959403166,0.019318333333333337,0.03931833333333334
403,el retiro Farm,2022-04-01,1358.718318515966,7.751178323743822, -  Per Squared meter,0.03422863246096467,0.029186923076923072,0.04918692307692307
404,el retiro Farm,2022-07-01,1239.910820488836,7.211713643426131, -  Per Squared meter,0.034897898417805114,0.03082071739130435,0.05082071739130435
405,el retiro Farm,2022-10-01,1162.750676770139,6.816351278951034, -  Per Squared meter,0.03517358320298896,0.03819154347826087,0.058191543478260874
406,el retiro Farm,2023-01-01,1218.095200123702,6.980755326607496, -  Per Squared meter,0.034385269686139024,0.03644471111111111,0.056444711111111115
407,el retiro Farm,2023-04-01,1353.957489160768,8.031641737307394, -  Per Squared meter,0.03559184893885714,0.035932131868131864,0.05593213186813187
408,el retiro Farm,2023-07-01,1521.282292151656,8.81445814300262, -  Per Squared meter,0.03476458585685257,0.0413559347826087,0.0613559347826087
409,el retiro Farm,2023-10-01,1520.760082437432,8.781606742351492, -  Per Squared meter,0.034646911805877666,0.044335195652173906,0.06433519565217391
410,la moraleja Property,2009-10-01,7208.450987908349,8.887650031841853, -  Per Squared meter,0.007397691997975907,0.03446005434782608,0.05446005434782608
411,la moraleja Property,2010-01-01,6840.282203857172,8.847637002900079, -  Per Squared meter,0.0077607648976040595,0.037015599999999996,0.0570156
412,la moraleja Property,2010-04-01,6199.667484788739,8.878120728689165, -  Per Squared meter,0.008592190549385599,0.03472313186813186,0.054723131868131866
413,la moraleja Property,2010-07-01,6245.534874976499,8.674574111196522, -  Per Squared meter,0.00833354479785448,0.027772521739130435,0.047772521739130436
414,la moraleja Property,2010-10-01,6251.10831553382,8.927911202855068, -  Per Squared meter,0.008569275161016939,0.02846854347826087,0.04846854347826087
415,la moraleja Property,2011-01-01,6214.480069789583,8.730640853471588, -  Per Squared meter,0.00842932064027091,0.034341344444444435,0.05434134444444444
416,la moraleja Property,2011-04-01,6466.230784740164,16.291162143574006, -  Per Squared meter,0.015116530188207912,0.03185416483516483,0.051854164835164834
417,la moraleja Property,2011-07-01,5934.956440805622,15.80910551125352, -  Per Squared meter,0.015982363815739375,0.024121673913043474,0.044121673913043474
418,la moraleja Property,2011-10-01,5759.216818491308,15.338998028256094, -  Per Squared meter,0.01598029577112638,0.02037721739130435,0.04037721739130435
419,la moraleja Property,2012-01-01,5552.576627574625,15.268677586971823, -  Per Squared meter,0.01649901868384431,0.02017664835164835,0.04017664835164835
420,la moraleja Property,2012-04-01,5192.695109530159,14.852689949805649, -  Per Squared meter,0.017161827879183383,0.018039802197802202,0.0380398021978022
421,la moraleja Property,2012-07-01,4817.305754909371,13.411239203095903, -  Per Squared meter,0.016703825605541053,0.016254673913043475,0.036254673913043475
422,la moraleja Property,2012-10-01,4901.301109770349,13.081849558253612, -  Per Squared meter,0.016014338966658465,0.016895326086956524,0.036895326086956524
423,la moraleja Property,2013-01-01,4935.889835532445,12.90687104618942, -  Per Squared meter,0.01568941545649038,0.019283033333333335,0.039283033333333335
424,la moraleja Property,2013-04-01,4847.165446967949,12.92909967467114, -  Per Squared meter,0.016004115992482193,0.019750263736263738,0.03975026373626374
425,la moraleja Property,2013-07-01,4827.013103871779,12.927822045033484, -  Per Squared meter,0.016069343629497083,0.026953282608695655,0.046953282608695655
426,la moraleja Property,2013-10-01,5049.103315645707,13.243436906885398, -  Per Squared meter,0.015737570905924418,0.02733794565217391,0.04733794565217391
427,la moraleja Property,2014-01-01,5065.779581815098,13.203615047956001, -  Per Squared meter,0.015638597970610957,0.02755097777777778,0.04755097777777778
428,la moraleja Property,2014-04-01,5001.860656654972,14.165455910824475, -  Per Squared meter,0.016992223754147183,0.02608876923076924,0.04608876923076924
429,la moraleja Property,2014-07-01,4726.203616731123,13.598401196095558, -  Per Squared meter,0.01726341346947835,0.02486604347826087,0.04486604347826087
430,la moraleja Property,2014-10-01,4470.461895195674,12.931565366743277, -  Per Squared meter,0.017356012425437203,0.022648728260869565,0.042648728260869566
431,la moraleja Property,2015-01-01,4105.548038350651,11.466669907420536, -  Per Squared meter,0.01675781620428017,0.019670200000000002,0.0396702
432,la moraleja Property,2015-04-01,4034.079545925403,11.04064844801147, -  Per Squared meter,0.016421067044892077,0.021531857142857148,0.04153185714285715
433,la moraleja Property,2015-07-01,4079.721794331669,10.990715939219024, -  Per Squared meter,0.0161639197375999,0.022143967391304354,0.042143967391304354
434,la moraleja Property,2015-10-01,4071.552575192903,11.05239903733773, -  Per Squared meter,0.016287249887933605,0.021806923913043483,0.041806923913043484
435,la moraleja Property,2016-01-01,4145.424521031247,11.068188124322234, -  Per Squared meter,0.01601986199700796,0.019168879120879122,0.03916887912087912
436,la moraleja Property,2016-04-01,4234.84548892781,11.38663757545937, -  Per Squared meter,0.016132778782928778,0.017444373626373622,0.03744437362637362
437,la moraleja Property,2016-07-01,4284.417763672323,11.946945377678393, -  Per Squared meter,0.016730784956093897,0.015583554347826083,0.035583554347826084
438,la moraleja Property,2016-10-01,4191.94556256985,11.342893603707601, -  Per Squared meter,0.01623526847054841,0.021299489130434782,0.04129948913043478
439,la moraleja Property,2017-01-01,4118.138625884656,11.30979413107048, -  Per Squared meter,0.01647801857856242,0.02442081111111111,0.04442081111111111
440,la moraleja Property,2017-04-01,4393.39027732556,12.216651037293182, -  Per Squared meter,0.01668413266220906,0.022559846153846156,0.042559846153846156
441,la moraleja Property,2017-07-01,4758.384935985251,13.020270264666104, -  Per Squared meter,0.0164176758793099,0.022373510869565214,0.042373510869565215
442,la moraleja Property,2017-10-01,4907.792296410682,13.322546597927289, -  Per Squared meter,0.01628742105610795,0.023700913043478263,0.043700913043478264
443,la moraleja Property,2018-01-01,5225.378750841591,13.681070961766487, -  Per Squared meter,0.01570918199132995,0.027541511111111115,0.047541511111111115
444,la moraleja Property,2018-04-01,5182.170796930333,13.538656979691927, -  Per Squared meter,0.015675272981405673,0.02919126373626373,0.04919126373626373
445,la moraleja Property,2018-07-01,4970.382845893406,13.818289931312975, -  Per Squared meter,0.016680755217151722,0.029177945652173912,0.04917794565217391
446,la moraleja Property,2018-10-01,5036.469914255984,13.929385883904317, -  Per Squared meter,0.01659422506761311,0.030362239130434784,0.050362239130434784
447,la moraleja Property,2019-01-01,5007.401485563038,14.696088813162138, -  Per Squared meter,0.0176092396691571,0.026483777777777776,0.04648377777777778
448,la moraleja Property,2019-04-01,4832.110356804303,14.48616688041594, -  Per Squared meter,0.01798737919139286,0.02333271428571428,0.04333271428571428
449,la moraleja Property,2019-07-01,4758.833438579602,13.746576984897336, -  Per Squared meter,0.017331865671264626,0.017925108695652173,0.037925108695652174
450,la moraleja Property,2019-10-01,4757.382163120541,14.197736177368336, -  Per Squared meter,0.01790615387693242,0.01790935869565218,0.03790935869565218
451,la moraleja Property,2020-01-01,4769.137085523319,13.466169531809035, -  Per Squared meter,0.01694164284690263,0.013767076923076927,0.03376707692307693
452,la moraleja Property,2020-04-01,4715.268607964417,13.443191256174487, -  Per Squared meter,0.017105949680323196,0.006787263736263736,0.026787263736263736
453,la moraleja Property,2020-07-01,4998.694668546865,15.185904577554107, -  Per Squared meter,0.018227844168728188,0.006458163043478262,0.026458163043478262
454,la moraleja Property,2020-10-01,5061.913302814178,15.777947321473341, -  Per Squared meter,0.0187019568028179,0.008540815217391303,0.028540815217391304
455,la moraleja Property,2021-01-01,5136.102742720042,15.934546093238096, -  Per Squared meter,0.01861475156332166,0.013100944444444446,0.03310094444444445
456,la moraleja Property,2021-04-01,5212.462781166213,16.29090298570245, -  Per Squared meter,0.01875225244147366,0.01579798901098901,0.03579798901098901
457,la moraleja Property,2021-07-01,5160.807618340158,15.207817471598368, -  Per Squared meter,0.017680741383445997,0.01318886956521739,0.03318886956521739
458,la moraleja Property,2021-10-01,5246.609311235259,14.981311997182406, -  Per Squared meter,0.017132564414622152,0.015224673913043479,0.03522467391304348
459,la moraleja Property,2022-01-01,5310.647575796237,15.60103770204251, -  Per Squared meter,0.017626141610088006,0.019318333333333337,0.03931833333333334
460,la moraleja Property,2022-04-01,5420.018843451478,15.098982559550297, -  Per Squared meter,0.016714682729702734,0.029186923076923072,0.04918692307692307
461,la moraleja Property,2022-07-01,5333.944724723912,14.205411402555617, -  Per Squared meter,0.01597925603170651,0.03082071739130435,0.05082071739130435
462,la moraleja Property,2022-10-01,5636.124013247884,14.711276468718712, -  Per Squared meter,0.015661056890309086,0.03819154347826087,0.058191543478260874
463,la moraleja Property,2023-01-01,5992.808527978107,15.94450898110448, -  Per Squared meter,0.015963642662700533,0.03644471111111111,0.056444711111111115
464,la moraleja Property,2023-04-01,6119.868076951132,16.513267061249717, -  Per Squared meter,0.01618982649979915,0.035932131868131864,0.05593213186813187
465,la moraleja Property,2023-07-01,6230.998832729683,16.425824843954253, -  Per Squared meter,0.01581687811367322,0.0413559347826087,0.0613559347826087
466,la moraleja Property,2023-10-01,6225.534658245724,16.89546195711053, -  Per Squared meter,0.01628338404772912,0.044335195652173906,0.06433519565217391
467,la volcana Apartments,2003-07-01,582.3481141061385,6.9692631899906115, -  Per Squared meter,0.0718051250223889,0.04193382608695652,0.06193382608695652
468,la volcana Apartments,2003-10-01,601.5870976588818,6.882852674275391, -  Per Squared meter,0.06864694440150554,0.04262122826086956,0.06262122826086956
469,la volcana Apartments,2004-01-01,653.7766795658572,7.4339314109829315, -  Per Squared meter,0.06822450212741875,0.039974626373626365,0.05997462637362637
470,la volcana Apartments,2004-04-01,683.128724084055,7.73014351672094, -  Per Squared meter,0.06789476048238713,0.04577706593406593,0.06577706593406593
471,la volcana Apartments,2004-07-01,729.6160736615642,7.888275086255991, -  Per Squared meter,0.06486925415446648,0.042859152173913034,0.06285915217391304
472,la volcana Apartments,2004-10-01,770.5005502338357,8.28081222660119, -  Per Squared meter,0.06448389082204874,0.04158758695652173,0.06158758695652174
473,la volcana Apartments,2005-01-01,837.7331090251773,9.161244841661434, -  Per Squared meter,0.06561453577253397,0.04289902222222222,0.06289902222222223
474,la volcana Apartments,2005-04-01,860.5834953515326,9.22113715555655, -  Per Squared meter,0.06428989543976707,0.0414963846153846,0.061496384615384606
475,la volcana Apartments,2005-07-01,885.554023247959,9.433460727358728, -  Per Squared meter,0.06391565379213901,0.041970032608695654,0.06197003260869566
476,la volcana Apartments,2005-10-01,911.6517585094917,9.477023514482553, -  Per Squared meter,0.06237265551910115,0.044725456521739135,0.06472545652173914
477,la volcana Apartments,2006-01-01,934.6394983229825,9.84558446332466, -  Per Squared meter,0.06320459052494909,0.0455748,0.0655748
478,la volcana Apartments,2006-04-01,885.957315664983,9.06365943643063, -  Per Squared meter,0.06138214071607468,0.05059930769230769,0.0705993076923077
479,la volcana Apartments,2006-07-01,913.0633523383855,9.279112583586404, -  Per Squared meter,0.06097569830059846,0.04888030434782609,0.06888030434782609
480,la volcana Apartments,2006-10-01,986.1246830893824,9.998999003433877, -  Per Squared meter,0.060838142528438666,0.046273163043478255,0.06627316304347826
481,la volcana Apartments,2007-01-01,1066.580593215671,10.627308906376483, -  Per Squared meter,0.05978343675466195,0.04678804444444444,0.06678804444444444
482,la volcana Apartments,2007-04-01,1224.272430213052,12.0139401275215, -  Per Squared meter,0.058878758506866614,0.048424120879120874,0.06842412087912088
483,la volcana Apartments,2007-07-01,1277.778342845547,11.754597582534435, -  Per Squared meter,0.055195477282973256,0.04731413043478261,0.06731413043478261
484,la volcana Apartments,2007-10-01,1334.037802670819,11.936286297412867, -  Per Squared meter,0.053684923801330435,0.04256776086956521,0.06256776086956521
485,la volcana Apartments,2008-01-01,1440.343841919544,12.980080594211797, -  Per Squared meter,0.05407075817499214,0.036362956043956035,0.05636295604395604
486,la volcana Apartments,2008-04-01,1604.068025626208,14.434010103777409, -  Per Squared meter,0.05399026677117095,0.03861756043956044,0.05861756043956044
487,la volcana Apartments,2008-07-01,1548.515472737788,13.364896430924405, -  Per Squared meter,0.05178468022910417,0.0385636847826087,0.058563684782608705
488,la volcana Apartments,2008-10-01,1337.448634152764,11.369789817928435, -  Per Squared meter,0.05100662348112177,0.03215653260869565,0.052156532608695655
489,la volcana Apartments,2009-01-01,1295.014539716484,10.914671929244413, -  Per Squared meter,0.0505693407811496,0.02706626666666667,0.04706626666666667
490,la volcana Apartments,2009-04-01,1432.848531821046,12.063562862996394, -  Per Squared meter,0.05051572135540867,0.0330422967032967,0.0530422967032967
491,la volcana Apartments,2009-07-01,1605.075218980913,13.389043162970161, -  Per Squared meter,0.05005015218465987,0.03501017391304348,0.055010173913043484
492,la volcana Apartments,2009-10-01,1659.589171183425,13.68006534780737, -  Per Squared meter,0.0494582596175378,0.03446005434782608,0.05446005434782608
493,la volcana Apartments,2010-01-01,1708.526618981625,13.736585863907187, -  Per Squared meter,0.048240111841259835,0.037015599999999996,0.0570156
494,la volcana Apartments,2010-04-01,1736.490420499519,13.890902803329766, -  Per Squared meter,0.047996473712767995,0.03472313186813186,0.054723131868131866
495,la volcana Apartments,2010-07-01,1903.725189309615,15.061656554362857, -  Per Squared meter,0.04747005493946832,0.027772521739130435,0.047772521739130436
496,la volcana Apartments,2010-10-01,1909.332507153445,14.739267086638437, -  Per Squared meter,0.04631754929458362,0.02846854347826087,0.04846854347826087
497,la volcana Apartments,2011-01-01,1943.353690783568,14.764742227446973, -  Per Squared meter,0.045585347528252884,0.034341344444444435,0.05434134444444444
498,la volcana Apartments,2011-04-01,2076.509020920179,15.699298851261789, -  Per Squared meter,0.04536257351091547,0.03185416483516483,0.051854164835164834
499,la volcana Apartments,2011-07-01,2125.779858265736,15.55204295339052, -  Per Squared meter,0.043895541373917046,0.024121673913043474,0.044121673913043474
500,la volcana Apartments,2011-10-01,2037.775587717996,14.921086900497356, -  Per Squared meter,0.04393345466624245,0.02037721739130435,0.04037721739130435
501,la volcana Apartments,2012-01-01,2236.254914510668,15.92685580250099, -  Per Squared meter,0.04273266620675774,0.02017664835164835,0.04017664835164835
502,la volcana Apartments,2012-04-01,2320.095206985216,16.50852842632723, -  Per Squared meter,0.04269271806594209,0.018039802197802202,0.0380398021978022
503,la volcana Apartments,2012-07-01,2366.836029462077,16.11347484080157, -  Per Squared meter,0.04084813981253385,0.016254673913043475,0.036254673913043475
504,la volcana Apartments,2012-10-01,2411.55349209991,16.234594946664032, -  Per Squared meter,0.04039204189294783,0.016895326086956524,0.036895326086956524
505,la volcana Apartments,2013-01-01,2499.032244490252,16.318846576389408, -  Per Squared meter,0.03918039860198306,0.019283033333333335,0.039283033333333335
506,la volcana Apartments,2013-04-01,2479.8979440259,15.84152206472718, -  Per Squared meter,0.038327840311871475,0.019750263736263738,0.03975026373626374
507,la volcana Apartments,2013-07-01,2478.500829547617,15.481428136852438, -  Per Squared meter,0.03747772351485108,0.026953282608695655,0.046953282608695655
508,la volcana Apartments,2013-10-01,2513.65926076729,15.288712846543074, -  Per Squared meter,0.03649352102371159,0.02733794565217391,0.04733794565217391
509,la volcana Apartments,2014-01-01,2480.645164257003,14.873945375109647, -  Per Squared meter,0.03597599267180477,0.02755097777777778,0.04755097777777778
510,la volcana Apartments,2014-04-01,2667.711330067219,16.03804115792689, -  Per Squared meter,0.036071461654412454,0.02608876923076924,0.04608876923076924
511,la volcana Apartments,2014-07-01,2691.5896815316,16.03973833968293, -  Per Squared meter,0.03575523813991398,0.02486604347826087,0.04486604347826087
512,la volcana Apartments,2014-10-01,2398.478992815581,13.904823887161587, -  Per Squared meter,0.03478410424809769,0.022648728260869565,0.042648728260869566
513,la volcana Apartments,2015-01-01,2159.886593069071,12.726222875382343, -  Per Squared meter,0.03535247521667089,0.019670200000000002,0.0396702
514,la volcana Apartments,2015-04-01,2178.009589629661,13.023220325499677, -  Per Squared meter,0.03587648205271884,0.021531857142857148,0.04153185714285715
515,la volcana Apartments,2015-07-01,1867.263664813019,10.801644483608523, -  Per Squared meter,0.03470847107611927,0.022143967391304354,0.042143967391304354
516,la volcana Apartments,2015-10-01,1826.230303920638,10.646322956269769, -  Per Squared meter,0.0349780296605978,0.021806923913043483,0.041806923913043484
517,la volcana Apartments,2016-01-01,1390.513880904294,10.190794861783953, -  Per Squared meter,0.04397278589620363,0.019168879120879122,0.03916887912087912
518,la volcana Apartments,2016-04-01,1352.411155762954,11.630419646131555, -  Per Squared meter,0.05159859675767165,0.017444373626373622,0.03744437362637362
519,la volcana Apartments,2016-07-01,1401.13051532918,11.885287937254251, -  Per Squared meter,0.05089584934689087,0.015583554347826083,0.035583554347826084
520,la volcana Apartments,2016-10-01,1390.903461630444,11.361494726524528, -  Per Squared meter,0.04901056776380309,0.021299489130434782,0.04129948913043478
521,la volcana Apartments,2017-01-01,1461.007140184295,12.205279094736461, -  Per Squared meter,0.05012410449902466,0.02442081111111111,0.04442081111111111
522,la volcana Apartments,2017-04-01,1479.127599151355,12.29975370866813, -  Per Squared meter,0.04989327647888556,0.022559846153846156,0.042559846153846156
523,la volcana Apartments,2017-07-01,1478.897027479166,11.995912600775366, -  Per Squared meter,0.04866834828070283,0.022373510869565214,0.042373510869565215
524,la volcana Apartments,2017-10-01,1490.844002220675,12.070225071838802, -  Per Squared meter,0.048577416767386895,0.023700913043478263,0.043700913043478264
525,la volcana Apartments,2018-01-01,1587.277145441544,12.815280035107714, -  Per Squared meter,0.04844250446840321,0.027541511111111115,0.047541511111111115
526,la volcana Apartments,2018-04-01,1629.641240381373,13.033554694284126, -  Per Squared meter,0.04798683675150726,0.02919126373626373,0.04919126373626373
527,la volcana Apartments,2018-07-01,1598.538313356513,12.481800196930193, -  Per Squared meter,0.04684955033972881,0.029177945652173912,0.04917794565217391
528,la volcana Apartments,2018-10-01,1517.433131418682,11.93974205514888, -  Per Squared meter,0.04721028613888039,0.030362239130434784,0.050362239130434784
529,la volcana Apartments,2019-01-01,1566.767931539434,11.861586105469401, -  Per Squared meter,0.04542441493737271,0.026483777777777776,0.04648377777777778
530,la volcana Apartments,2019-04-01,1538.817996537704,11.872446417825023, -  Per Squared meter,0.046291815320087304,0.02333271428571428,0.04333271428571428
531,la volcana Apartments,2019-07-01,1504.013111460903,11.428558032245096, -  Per Squared meter,0.04559225426357136,0.017925108695652173,0.037925108695652174
532,la volcana Apartments,2019-10-01,1493.906685302618,11.14776257354655, -  Per Squared meter,0.04477292731823489,0.01790935869565218,0.03790935869565218
533,la volcana Apartments,2020-01-01,1454.903948466098,11.130802708317177, -  Per Squared meter,0.04590324764759498,0.013767076923076927,0.03376707692307693
534,la volcana Apartments,2020-04-01,1359.653215391645,10.179839168589236, -  Per Squared meter,0.044922509887156584,0.006787263736263736,0.026787263736263736
535,la volcana Apartments,2020-07-01,1405.673876217208,10.418600495060131, -  Per Squared meter,0.044470914646706675,0.006458163043478262,0.026458163043478262
536,la volcana Apartments,2020-10-01,1438.460393917363,10.796728857754573, -  Per Squared meter,0.04503451983833276,0.008540815217391303,0.028540815217391304
537,la volcana Apartments,2021-01-01,1492.137518666163,11.310531870984537, -  Per Squared meter,0.0454805206470318,0.013100944444444446,0.03310094444444445
538,la volcana Apartments,2021-04-01,1459.198321324668,10.93182548610582, -  Per Squared meter,0.044949992031988566,0.01579798901098901,0.03579798901098901
539,la volcana Apartments,2021-07-01,1428.397936020429,10.573877098113478, -  Per Squared meter,0.04441567786455658,0.01318886956521739,0.03318886956521739
540,la volcana Apartments,2021-10-01,1438.069895755949,10.69686694500126, -  Per Squared meter,0.04463009889812725,0.015224673913043479,0.03522467391304348
541,la volcana Apartments,2022-01-01,1458.676634446371,11.090415411597888, -  Per Squared meter,0.045618398826853764,0.019318333333333337,0.03931833333333334
542,la volcana Apartments,2022-04-01,1488.194525704484,11.024868617391975, -  Per Squared meter,0.04444930455112246,0.029186923076923072,0.04918692307692307
543,la volcana Apartments,2022-07-01,1354.991646612881,10.458752166696451, -  Per Squared meter,0.04631210322000384,0.03082071739130435,0.05082071739130435
544,la volcana Apartments,2022-10-01,1257.450287986196,9.749859193972428, -  Per Squared meter,0.04652204204233064,0.03819154347826087,0.058191543478260874
545,la volcana Apartments,2023-01-01,1309.396981747649,10.24772788255683, -  Per Squared meter,0.04695777380918908,0.03644471111111111,0.056444711111111115
546,la volcana Apartments,2023-04-01,1451.185401637936,11.227866722736662, -  Per Squared meter,0.04642218717221342,0.035932131868131864,0.05593213186813187
547,la volcana Apartments,2023-07-01,1632.796658879932,12.792104666574966, -  Per Squared meter,0.04700685022965485,0.0413559347826087,0.0613559347826087
548,la volcana Apartments,2023-10-01,1634.243681581129,12.346748910116343, -  Per Squared meter,0.04533013913140863,0.044335195652173906,0.06433519565217391
549,lagasca Property,2008-10-01,6361.350669243482,17.04964886797346, -  Per Squared meter,0.016081159257960928,0.03215653260869565,0.052156532608695655
550,lagasca Property,2009-01-01,6418.295700560178,16.670986060794146, -  Per Squared meter,0.015584497977560424,0.02706626666666667,0.04706626666666667
551,lagasca Property,2009-04-01,6728.219472238592,21.42683359795757, -  Per Squared meter,0.019107730078990873,0.0330422967032967,0.0530422967032967
552,lagasca Property,2009-07-01,6752.030687621123,20.996146354302276, -  Per Squared meter,0.01865762819425186,0.03501017391304348,0.055010173913043484
553,lagasca Property,2009-10-01,7035.660829009501,21.641737029856902, -  Per Squared meter,0.018456037795872845,0.03446005434782608,0.05446005434782608
554,lagasca Property,2010-01-01,6513.324738574713,20.054128688985465, -  Per Squared meter,0.01847363320015317,0.037015599999999996,0.0570156
555,lagasca Property,2010-04-01,5990.513913970898,18.856790576303627, -  Per Squared meter,0.01888665064176853,0.03472313186813186,0.054723131868131866
556,lagasca Property,2010-07-01,6119.7280190512,18.07661770759085, -  Per Squared meter,0.017722961855151306,0.027772521739130435,0.047772521739130436
557,lagasca Property,2010-10-01,6358.39433702571,19.21518461020473, -  Per Squared meter,0.018132110333244685,0.02846854347826087,0.04846854347826087
558,lagasca Property,2011-01-01,6350.340612728274,19.386974455062067, -  Per Squared meter,0.018317418517240364,0.034341344444444435,0.05434134444444444
559,lagasca Property,2011-04-01,6631.317870234496,20.313376144784662, -  Per Squared meter,0.018379492470988735,0.03185416483516483,0.051854164835164834
560,lagasca Property,2011-07-01,6372.700075506965,19.49681167683545, -  Per Squared meter,0.01835656294427234,0.024121673913043474,0.044121673913043474
561,lagasca Property,2011-10-01,5994.488480835537,19.03269585883177, -  Per Squared meter,0.019050195111405644,0.02037721739130435,0.04037721739130435
562,lagasca Property,2012-01-01,5756.348930964906,17.858521515643535, -  Per Squared meter,0.018614425633141744,0.02017664835164835,0.04017664835164835
563,lagasca Property,2012-04-01,5431.272620532038,17.109278510318767, -  Per Squared meter,0.01890085035942398,0.018039802197802202,0.0380398021978022
564,lagasca Property,2012-07-01,5224.102317445024,16.697753560825582, -  Per Squared meter,0.019177748688113786,0.016254673913043475,0.036254673913043475
565,lagasca Property,2012-10-01,5400.039101083138,17.08675822572529, -  Per Squared meter,0.01898514944711941,0.016895326086956524,0.036895326086956524
566,lagasca Property,2013-01-01,5491.408358280394,16.96567226129432, -  Per Squared meter,0.01853696300226381,0.019283033333333335,0.039283033333333335
567,lagasca Property,2013-04-01,5343.685224984254,16.602030746048, -  Per Squared meter,0.018641102587883353,0.019750263736263738,0.03975026373626374
568,lagasca Property,2013-07-01,5325.003196151484,16.91239675165019, -  Per Squared meter,0.01905621025415332,0.026953282608695655,0.046953282608695655
569,lagasca Property,2013-10-01,5470.164411702429,17.74033132663152, -  Per Squared meter,0.01945864510618286,0.02733794565217391,0.04733794565217391
570,lagasca Property,2014-01-01,5555.043711323978,17.437622879088323, -  Per Squared meter,0.018834367956682318,0.02755097777777778,0.04755097777777778
571,lagasca Property,2014-04-01,5549.039162048502,17.85149928713001, -  Per Squared meter,0.019302259831815525,0.02608876923076924,0.04608876923076924
572,lagasca Property,2014-07-01,5420.98688867796,17.34422626078298, -  Per Squared meter,0.019196755074623827,0.02486604347826087,0.04486604347826087
573,lagasca Property,2014-10-01,5155.055994767157,16.362219435295753, -  Per Squared meter,0.019044083461252255,0.022648728260869565,0.042648728260869566
574,lagasca Property,2015-01-01,4634.267276631985,15.097782057695646, -  Per Squared meter,0.019547144551405538,0.019670200000000002,0.0396702
575,lagasca Property,2015-04-01,4643.783622858264,14.860108451702157, -  Per Squared meter,0.01920000110929679,0.021531857142857148,0.04153185714285715
576,lagasca Property,2015-07-01,4733.471069318646,15.180007512486648, -  Per Squared meter,0.019241703126756472,0.022143967391304354,0.042143967391304354
577,lagasca Property,2015-10-01,4728.195764454369,15.13404660242811, -  Per Squared meter,0.01920484771320534,0.021806923913043483,0.041806923913043484
578,lagasca Property,2016-01-01,4760.065548062589,15.597730072034311, -  Per Squared meter,0.019660733552355553,0.019168879120879122,0.03916887912087912
579,lagasca Property,2016-04-01,4858.159339222402,16.330732978504113, -  Per Squared meter,0.020169037495321854,0.017444373626373622,0.03744437362637362
580,lagasca Property,2016-07-01,4850.98616291457,15.899089768594727, -  Per Squared meter,0.019664978502897525,0.015583554347826083,0.035583554347826084
581,lagasca Property,2016-10-01,4782.173222120991,16.197052833461107, -  Per Squared meter,0.020321789380449148,0.021299489130434782,0.04129948913043478
582,lagasca Property,2017-01-01,4863.437209755314,16.387522648537026, -  Per Squared meter,0.020217210925227307,0.02442081111111111,0.04442081111111111
583,lagasca Property,2017-04-01,5091.40555503149,17.41183360975215, -  Per Squared meter,0.020519088595343054,0.022559846153846156,0.042559846153846156
584,lagasca Property,2017-07-01,5708.887013321564,18.601566635998978, -  Per Squared meter,0.019550115382482743,0.022373510869565214,0.042373510869565215
585,lagasca Property,2017-10-01,5883.775949628582,19.327272470620386, -  Per Squared meter,0.019709050075409927,0.023700913043478263,0.043700913043478264
586,lagasca Property,2018-01-01,6436.152232276304,20.83126245303734, -  Per Squared meter,0.019419611315504747,0.027541511111111115,0.047541511111111115
587,lagasca Property,2018-04-01,6431.054103930019,20.714403247238774, -  Per Squared meter,0.019325979454516046,0.02919126373626373,0.04919126373626373
588,lagasca Property,2018-07-01,6504.8010117187,20.092135689226012, -  Per Squared meter,0.01853289807300402,0.029177945652173912,0.04917794565217391
589,lagasca Property,2018-10-01,6479.317602381707,19.682328192876007, -  Per Squared meter,0.018226297336288368,0.030362239130434784,0.050362239130434784
590,lagasca Property,2019-01-01,6505.45855887056,19.84848105451508, -  Per Squared meter,0.018306301584951813,0.026483777777777776,0.04648377777777778
591,lagasca Property,2019-04-01,6525.465207057171,19.842222238718943, -  Per Squared meter,0.01824442084275611,0.02333271428571428,0.04333271428571428
592,lagasca Property,2019-07-01,6412.904067822784,19.478941500977115, -  Per Squared meter,0.018224761788077384,0.017925108695652173,0.037925108695652174
593,lagasca Property,2019-10-01,6380.94493546866,19.422621791676818, -  Per Squared meter,0.018263083591631358,0.01790935869565218,0.03790935869565218
594,lagasca Property,2020-01-01,6357.379872729029,18.825922761004282, -  Per Squared meter,0.017767624214271995,0.013767076923076927,0.03376707692307693
595,lagasca Property,2020-04-01,6391.849329348808,19.50428183602401, -  Per Squared meter,0.018308580973398266,0.006787263736263736,0.026787263736263736
596,lagasca Property,2020-07-01,6683.24502780297,20.399846442413093, -  Per Squared meter,0.018314318590039135,0.006458163043478262,0.026458163043478262
597,lagasca Property,2020-10-01,6766.83660257651,19.377360529197915, -  Per Squared meter,0.01718146454591785,0.008540815217391303,0.028540815217391304
598,lagasca Property,2021-01-01,6857.914685495459,19.05656045182166, -  Per Squared meter,0.016672613754259522,0.013100944444444446,0.03310094444444445
599,lagasca Property,2021-04-01,6982.088873731698,18.9040349595641, -  Per Squared meter,0.01624502520787351,0.01579798901098901,0.03579798901098901
600,lagasca Property,2021-07-01,6997.751853961578,18.761733571253608, -  Per Squared meter,0.01608665236733039,0.01318886956521739,0.03318886956521739
601,lagasca Property,2021-10-01,6782.509108878713,18.624603170155748, -  Per Squared meter,0.016475852406102946,0.015224673913043479,0.03522467391304348
602,lagasca Property,2022-01-01,6807.13157038482,18.789211641920144, -  Per Squared meter,0.016561347270264044,0.019318333333333337,0.03931833333333334
603,lagasca Property,2022-04-01,6755.50410457693,18.467712211686717, -  Per Squared meter,0.016402369320603002,0.029186923076923072,0.04918692307692307
604,lagasca Property,2022-07-01,6492.797730082851,17.993738067995647, -  Per Squared meter,0.016628028916988336,0.03082071739130435,0.05082071739130435
605,lagasca Property,2022-10-01,6580.976617725745,18.840264330990042, -  Per Squared meter,0.01717702288767669,0.03819154347826087,0.058191543478260874
606,lagasca Property,2023-01-01,6910.597049780065,20.233233085222313, -  Per Squared meter,0.01756713604292664,0.03644471111111111,0.056444711111111115
607,lagasca Property,2023-04-01,7132.283526658511,21.678606611486202, -  Per Squared meter,0.018237025937449802,0.035932131868131864,0.05593213186813187
608,lagasca Property,2023-07-01,7294.270858351987,22.01465094090034, -  Per Squared meter,0.01810844541016194,0.0413559347826087,0.0613559347826087
609,lagasca Property,2023-10-01,7385.972599375407,22.893082950359236, -  Per Squared meter,0.018597211924909,0.044335195652173906,0.06433519565217391
