date,fc,fc_lower,fc_upper,yy,k,chosen_param,date_forecast
2023-10-01,77118.6231,77118.6231,77118.6231,price,Patricia Manor Place,"1, 0, 0",2023-10-01
2024-01-01,76826.7710372778,76635.25904283252,76951.64366006527,price,Patricia Manor Place,"1, 0, 0",2023-10-01
2024-04-01,76690.26500019548,76530.73654710328,76858.84012307828,price,Patricia Manor Place,"1, 0, 0",2023-10-01
2024-07-01,76698.14300179986,76567.39420182067,76920.17807658867,price,Patricia Manor Place,"1, 0, 0",2023-10-01
2024-10-01,76813.50051859076,76608.32738936286,77119.74541332337,price,Patricia Manor Place,"1, 0, 0",2023-10-01
2025-01-01,77031.93794120473,76877.09847143618,77426.43244053888,price,Patricia Manor Place,"1, 0, 0",2023-10-01
2025-04-01,77393.96205608366,77160.50840490934,77696.15238570928,price,Patricia Manor Place,"1, 0, 0",2023-10-01
2025-07-01,77785.53550570496,77546.80093840689,78114.06243674517,price,Patricia Manor Place,"1, 0, 0",2023-10-01
2025-10-01,78307.97337614697,78156.7877871433,78624.46153526471,price,Patricia Manor Place,"1, 0, 0",2023-10-01
2026-01-01,78822.51312042594,78653.00289414237,79228.91336319438,price,Patricia Manor Place,"1, 0, 0",2023-10-01
2026-04-01,79497.70621056437,79275.80195568033,79719.38595932443,price,Patricia Manor Place,"1, 0, 0",2023-10-01
2026-07-01,80199.35438457337,80007.42409829269,80446.42494069587,price,Patricia Manor Place,"1, 0, 0",2023-10-01
2026-10-01,80870.54417748126,80609.44913211623,81220.84946988466,price,Patricia Manor Place,"1, 0, 0",2023-10-01
2027-01-01,81589.00955498531,81320.45664161311,81970.696670903,price,Patricia Manor Place,"1, 0, 0",2023-10-01
2027-04-01,82304.26531235366,81976.34850679191,82721.73071138294,price,Patricia Manor Place,"1, 0, 0",2023-10-01
2027-07-01,83035.83563375712,82758.01501814797,83500.78113488924,price,Patricia Manor Place,"1, 0, 0",2023-10-01
2027-10-01,83815.42905366838,83648.51724150311,84274.57554209973,price,Patricia Manor Place,"1, 0, 0",2023-10-01
2028-01-01,84656.04507499264,84416.61253214836,85042.68588497872,price,Patricia Manor Place,"1, 0, 0",2023-10-01
2028-04-01,85531.32028392266,85294.3443317854,85862.6084781384,price,Patricia Manor Place,"1, 0, 0",2023-10-01
2028-07-01,86398.91558490375,86110.5482458825,86843.48269472428,price,Patricia Manor Place,"1, 0, 0",2023-10-01
2028-10-01,87344.22968199004,87176.95550182938,87657.14162874338,price,Patricia Manor Place,"1, 0, 0",2023-10-01
2023-10-01,892.0115493523338,892.0115493523338,892.0115493523338,ef_r,Patricia Manor Place,"1, 0, 0",2023-10-01
2024-01-01,893.8110818509554,892.2445559769875,895.3776077249232,ef_r,Patricia Manor Place,"1, 0, 0",2023-10-01
2024-04-01,898.5806977645516,895.2823420330044,901.8851053370265,ef_r,Patricia Manor Place,"1, 0, 0",2023-10-01
2024-07-01,903.1494894361468,898.0738528860846,908.2441924724309,ef_r,Patricia Manor Place,"1, 0, 0",2023-10-01
2024-10-01,911.3183377620651,904.4243034305288,918.2516837915845,ef_r,Patricia Manor Place,"1, 0, 0",2023-10-01
2025-01-01,919.3759983292034,910.6343362406232,928.1846354171618,ef_r,Patricia Manor Place,"1, 0, 0",2023-10-01
2025-04-01,927.3450155137518,916.7282936654206,938.0639698703596,ef_r,Patricia Manor Place,"1, 0, 0",2023-10-01
2025-07-01,935.4609543886256,922.9399144579422,948.1272796213544,ef_r,Patricia Manor Place,"1, 0, 0",2023-10-01
2025-10-01,943.3318677202312,928.8817845164532,957.9782278639325,ef_r,Patricia Manor Place,"1, 0, 0",2023-10-01
2026-01-01,951.2987057068827,934.8911228661246,967.9617174556369,ef_r,Patricia Manor Place,"1, 0, 0",2023-10-01
2026-04-01,959.3536496714365,940.9597954713628,978.0704430129297,ef_r,Patricia Manor Place,"1, 0, 0",2023-10-01
2026-07-01,967.4719241896015,947.0630806737754,988.2797702598536,ef_r,Patricia Manor Place,"1, 0, 0",2023-10-01
2026-10-01,975.6902606562446,953.2366545382246,998.6277028926035,ef_r,Patricia Manor Place,"1, 0, 0",2023-10-01
2027-01-01,983.9761195657262,959.4482348162632,1009.0816420354023,ef_r,Patricia Manor Place,"1, 0, 0",2023-10-01
2027-04-01,992.3306084632434,965.6985988277213,1019.6432358973038,ef_r,Patricia Manor Place,"1, 0, 0",2023-10-01
2027-07-01,1000.756613531753,971.9902475032293,1030.3159711843255,ef_r,Patricia Manor Place,"1, 0, 0",2023-10-01
2027-10-01,1009.2512233925013,978.3200301311803,1041.0973909810905,ef_r,Patricia Manor Place,"1, 0, 0",2023-10-01
2028-01-01,1017.8181806364611,984.6912695650649,1051.9918808072564,ef_r,Patricia Manor Place,"1, 0, 0",2023-10-01
2028-04-01,1026.4580351838083,991.1041727665817,1063.0005584989367,ef_r,Patricia Manor Place,"1, 0, 0",2023-10-01
2028-07-01,1035.1711797487328,997.55879211323,1074.1243855671246,ef_r,Patricia Manor Place,"1, 0, 0",2023-10-01
2028-10-01,1043.9585696895563,1004.0557205967822,1085.3649125679963,ef_r,Patricia Manor Place,"1, 0, 0",2023-10-01
2023-10-01,74768.7947,74768.7947,74768.7947,price,Regency - Tanglewood - Marquee - Wildwood,"1, 0, 0",2023-10-01
2024-01-01,74649.93357058667,73919.4305452024,75239.92549347403,price,Regency - Tanglewood - Marquee - Wildwood,"1, 0, 0",2023-10-01
2024-04-01,74802.63300651385,73791.73734812977,75752.23995967268,price,Regency - Tanglewood - Marquee - Wildwood,"1, 0, 0",2023-10-01
2024-07-01,75199.76820153212,73942.87550197389,76300.59571952817,price,Regency - Tanglewood - Marquee - Wildwood,"1, 0, 0",2023-10-01
2024-10-01,75573.32277928913,74179.87905551364,76965.19168114717,price,Regency - Tanglewood - Marquee - Wildwood,"1, 0, 0",2023-10-01
2025-01-01,76033.27330418919,74393.39736979998,77575.75535299574,price,Regency - Tanglewood - Marquee - Wildwood,"1, 0, 0",2023-10-01
2025-04-01,76538.23543065593,74841.78441538318,78310.59658224838,price,Regency - Tanglewood - Marquee - Wildwood,"1, 0, 0",2023-10-01
2025-07-01,77095.82477168141,75232.08199453863,78895.84488309272,price,Regency - Tanglewood - Marquee - Wildwood,"1, 0, 0",2023-10-01
2025-10-01,77728.06766472779,75640.6312808498,79605.43023772031,price,Regency - Tanglewood - Marquee - Wildwood,"1, 0, 0",2023-10-01
2026-01-01,78269.63824998148,76141.35925113085,80272.80436066548,price,Regency - Tanglewood - Marquee - Wildwood,"1, 0, 0",2023-10-01
2026-04-01,78971.36300962494,76791.25426950923,81163.70608202924,price,Regency - Tanglewood - Marquee - Wildwood,"1, 0, 0",2023-10-01
2026-07-01,79562.65777641797,77314.87389308147,81840.30611652911,price,Regency - Tanglewood - Marquee - Wildwood,"1, 0, 0",2023-10-01
2026-10-01,80242.25650160247,77932.06885797853,82623.9058577502,price,Regency - Tanglewood - Marquee - Wildwood,"1, 0, 0",2023-10-01
2027-01-01,80819.48280831297,78619.7663838283,83365.10366945663,price,Regency - Tanglewood - Marquee - Wildwood,"1, 0, 0",2023-10-01
2027-04-01,81405.9176145436,79152.10344552976,84195.93600139479,price,Regency - Tanglewood - Marquee - Wildwood,"1, 0, 0",2023-10-01
2027-07-01,82296.20703748397,79553.74930165938,84960.12024007215,price,Regency - Tanglewood - Marquee - Wildwood,"1, 0, 0",2023-10-01
2027-10-01,82863.06876006961,79781.28822758031,85837.44753279483,price,Regency - Tanglewood - Marquee - Wildwood,"1, 0, 0",2023-10-01
2028-01-01,83422.33291713332,80165.68801055719,86447.4134576913,price,Regency - Tanglewood - Marquee - Wildwood,"1, 0, 0",2023-10-01
2028-04-01,83973.1256868532,80627.43289811164,87207.92474246866,price,Regency - Tanglewood - Marquee - Wildwood,"1, 0, 0",2023-10-01
2028-07-01,84611.06978492085,81401.88102538513,88178.31469907092,price,Regency - Tanglewood - Marquee - Wildwood,"1, 0, 0",2023-10-01
2028-10-01,85308.18493962666,81831.1648735164,88874.11486920099,price,Regency - Tanglewood - Marquee - Wildwood,"1, 0, 0",2023-10-01
2023-10-01,902.7524949019584,902.7524949019584,902.7524949019584,ef_r,Regency - Tanglewood - Marquee - Wildwood,"1, 0, 0",2023-10-01
2024-01-01,912.3281397373923,910.9204252377301,913.0487322503163,ef_r,Regency - Tanglewood - Marquee - Wildwood,"1, 0, 0",2023-10-01
2024-04-01,928.2993936383128,927.7177174323632,928.5679102887567,ef_r,Regency - Tanglewood - Marquee - Wildwood,"1, 0, 0",2023-10-01
2024-07-01,943.1361218476186,943.5707676384844,941.9882895744032,ef_r,Regency - Tanglewood - Marquee - Wildwood,"1, 0, 0",2023-10-01
2024-10-01,951.4271754237027,952.571430479031,949.7717352185732,ef_r,Regency - Tanglewood - Marquee - Wildwood,"1, 0, 0",2023-10-01
2025-01-01,959.8403811880548,961.0595305308249,957.2214984315854,ef_r,Regency - Tanglewood - Marquee - Wildwood,"1, 0, 0",2023-10-01
2025-04-01,966.0499410374686,968.2394512500529,962.8762106475722,ef_r,Regency - Tanglewood - Marquee - Wildwood,"1, 0, 0",2023-10-01
2025-07-01,971.9399667186938,975.2859786464311,966.8689299241322,ef_r,Regency - Tanglewood - Marquee - Wildwood,"1, 0, 0",2023-10-01
2025-10-01,978.2378459594617,982.8443218121218,971.797144901531,ef_r,Regency - Tanglewood - Marquee - Wildwood,"1, 0, 0",2023-10-01
2026-01-01,983.0232769631866,989.7546401279723,975.3923844063507,ef_r,Regency - Tanglewood - Marquee - Wildwood,"1, 0, 0",2023-10-01
2026-04-01,989.2022702035006,998.4901816196008,980.8795476687694,ef_r,Regency - Tanglewood - Marquee - Wildwood,"1, 0, 0",2023-10-01
2026-07-01,993.8444849118005,1005.3832540206606,984.5965990357071,ef_r,Regency - Tanglewood - Marquee - Wildwood,"1, 0, 0",2023-10-01
2026-10-01,999.8535902697442,1011.5762617371067,988.2180613476291,ef_r,Regency - Tanglewood - Marquee - Wildwood,"1, 0, 0",2023-10-01
2027-01-01,1003.7488276163415,1017.316977172196,990.5673304253628,ef_r,Regency - Tanglewood - Marquee - Wildwood,"1, 0, 0",2023-10-01
2027-04-01,1007.332252777743,1023.9249445115628,995.0334675406738,ef_r,Regency - Tanglewood - Marquee - Wildwood,"1, 0, 0",2023-10-01
2027-07-01,1013.8234737156905,1027.6990414430932,998.441923563215,ef_r,Regency - Tanglewood - Marquee - Wildwood,"1, 0, 0",2023-10-01
2027-10-01,1017.2856905209795,1030.073642477319,1002.429234726876,ef_r,Regency - Tanglewood - Marquee - Wildwood,"1, 0, 0",2023-10-01
2028-01-01,1020.6199740788154,1033.4560541039186,1004.2023702395344,ef_r,Regency - Tanglewood - Marquee - Wildwood,"1, 0, 0",2023-10-01
2028-04-01,1024.3316825822862,1038.7980286376444,1007.1520589133158,ef_r,Regency - Tanglewood - Marquee - Wildwood,"1, 0, 0",2023-10-01
2028-07-01,1027.853294658574,1048.9836247509968,1012.0950796960916,ef_r,Regency - Tanglewood - Marquee - Wildwood,"1, 0, 0",2023-10-01
2028-10-01,1031.8097649932236,1052.2470616742594,1013.703207533522,ef_r,Regency - Tanglewood - Marquee - Wildwood,"1, 0, 0",2023-10-01
2023-10-01,85990.5245,85990.5245,85990.5245,price,Sutton Place,"1, 0, 0",2023-10-01
2024-01-01,86054.11115008705,85839.06241441378,86245.84890248424,price,Sutton Place,"1, 0, 0",2023-10-01
2024-04-01,86317.6654367231,86014.0668605959,86612.04651131104,price,Sutton Place,"1, 0, 0",2023-10-01
2024-07-01,86764.34367351496,86376.68217052678,87160.55159710979,price,Sutton Place,"1, 0, 0",2023-10-01
2024-10-01,87332.52215783024,86868.3389730625,87798.95342385788,price,Sutton Place,"1, 0, 0",2023-10-01
2025-01-01,88025.45853717242,87483.79063443448,88565.39811798821,price,Sutton Place,"1, 0, 0",2023-10-01
2025-04-01,88810.98924826317,88214.13705390069,89408.52768850356,price,Sutton Place,"1, 0, 0",2023-10-01
2025-07-01,89686.03653670465,89021.6956978909,90343.53725825428,price,Sutton Place,"1, 0, 0",2023-10-01
2025-10-01,90620.2170299692,89900.27050132627,91337.74730697442,price,Sutton Place,"1, 0, 0",2023-10-01
2026-01-01,91607.24255121953,90854.46026618347,92344.83999237647,price,Sutton Place,"1, 0, 0",2023-10-01
2026-04-01,92620.34515601792,91836.04650012813,93488.63816319506,price,Sutton Place,"1, 0, 0",2023-10-01
2026-07-01,93707.25944543775,92878.10781209718,94634.04972438775,price,Sutton Place,"1, 0, 0",2023-10-01
2026-10-01,94830.76712586015,93939.153587734,95832.50401505236,price,Sutton Place,"1, 0, 0",2023-10-01
2027-01-01,95981.83872770851,95042.64439210921,97002.64963019626,price,Sutton Place,"1, 0, 0",2023-10-01
2027-04-01,97155.62230106647,96154.14532835809,98263.10210086306,price,Sutton Place,"1, 0, 0",2023-10-01
2027-07-01,98353.85343833022,97348.46860502148,99502.96773201422,price,Sutton Place,"1, 0, 0",2023-10-01
2027-10-01,99574.56115858705,98496.33039515266,100803.39415295933,price,Sutton Place,"1, 0, 0",2023-10-01
2028-01-01,100837.80054752098,99687.26939681859,102090.04975135971,price,Sutton Place,"1, 0, 0",2023-10-01
2028-04-01,102126.04063932654,100932.53619288048,103411.65993058018,price,Sutton Place,"1, 0, 0",2023-10-01
2028-07-01,103412.47535080722,102186.63662189683,104738.8676628822,price,Sutton Place,"1, 0, 0",2023-10-01
2028-10-01,104744.11659949359,103463.72248611643,106145.7186740034,price,Sutton Place,"1, 0, 0",2023-10-01
2023-10-01,844.3109687871843,844.3109687871843,844.3109687871843,ef_r,Sutton Place,"1, 0, 0",2023-10-01
2024-01-01,843.4843247527857,842.5864902745468,844.3821592310246,ef_r,Sutton Place,"1, 0, 0",2023-10-01
2024-04-01,845.1649866323143,843.2423577443233,847.0897956871572,ef_r,Sutton Place,"1, 0, 0",2023-10-01
2024-07-01,844.9326380238127,841.951162499681,847.9211266965368,ef_r,Sutton Place,"1, 0, 0",2023-10-01
2024-10-01,846.3684536560025,842.3136092223519,850.4378980930317,ef_r,Sutton Place,"1, 0, 0",2023-10-01
2025-01-01,849.3221749104811,844.1474277688415,854.5222382124024,ef_r,Sutton Place,"1, 0, 0",2023-10-01
2025-04-01,853.0416947814826,846.7251152494399,859.3974562603153,ef_r,Sutton Place,"1, 0, 0",2023-10-01
2025-07-01,856.4479120528041,848.9801911218332,863.971822227199,ef_r,Sutton Place,"1, 0, 0",2023-10-01
2025-10-01,860.3051167260176,851.6738333178815,869.0127951920738,ef_r,Sutton Place,"1, 0, 0",2023-10-01
2026-01-01,864.5574844802405,854.747734614088,874.4671304780605,ef_r,Sutton Place,"1, 0, 0",2023-10-01
2026-04-01,869.0212243493824,858.0202275070275,880.1489471951223,ef_r,Sutton Place,"1, 0, 0",2023-10-01
2026-07-01,873.4424610113381,861.240317533356,885.8015098673752,ef_r,Sutton Place,"1, 0, 0",2023-10-01
2026-10-01,877.9917555349558,864.5765173114394,891.5974994182961,ef_r,Sutton Place,"1, 0, 0",2023-10-01
2027-01-01,882.6543014909572,868.0137015091382,897.5224890339957,ef_r,Sutton Place,"1, 0, 0",2023-10-01
2027-04-01,887.3868982564144,871.5090509602298,903.5329458980327,ef_r,Sutton Place,"1, 0, 0",2023-10-01
2027-07-01,892.1307695256492,875.0046154576593,909.5693081744816,ef_r,Sutton Place,"1, 0, 0",2023-10-01
2027-10-01,896.9247155556958,878.5384369381625,915.6711998410767,ef_r,Sutton Place,"1, 0, 0",2023-10-01
2028-01-01,901.7652418090678,882.106916212694,921.8352880467164,ef_r,Sutton Place,"1, 0, 0",2023-10-01
2028-04-01,906.642434836069,885.7002015716471,928.051651690112,ef_r,Sutton Place,"1, 0, 0",2023-10-01
2028-07-01,911.5428593451227,889.305049538503,934.3067147173888,ef_r,Sutton Place,"1, 0, 0",2023-10-01
2028-10-01,916.4754872795444,892.9301462939393,940.6097963046539,ef_r,Sutton Place,"1, 0, 0",2023-10-01
2023-10-01,451039.788,451039.788,451039.788,price,Turks (Approx) - Miami S. Beach 5 stars,"1, 0, 0",2023-10-01
2024-01-01,453290.85144849116,443633.6797652941,462889.7632911297,price,Turks (Approx) - Miami S. Beach 5 stars,"1, 0, 0",2023-10-01
2024-04-01,455150.8579760126,440360.55097305326,469772.72219797265,price,Turks (Approx) - Miami S. Beach 5 stars,"1, 0, 0",2023-10-01
2024-07-01,457061.33069528686,440377.52526039456,475835.81988913764,price,Turks (Approx) - Miami S. Beach 5 stars,"1, 0, 0",2023-10-01
2024-10-01,460444.52996597515,439264.5567890558,482756.8108364606,price,Turks (Approx) - Miami S. Beach 5 stars,"1, 0, 0",2023-10-01
2025-01-01,462734.1071631888,438389.66031796375,486753.507382322,price,Turks (Approx) - Miami S. Beach 5 stars,"1, 0, 0",2023-10-01
2025-04-01,465121.55401883135,437629.0685732321,493066.6816781773,price,Turks (Approx) - Miami S. Beach 5 stars,"1, 0, 0",2023-10-01
2025-07-01,466053.9329482272,437256.4562988538,496403.6493058498,price,Turks (Approx) - Miami S. Beach 5 stars,"1, 0, 0",2023-10-01
2025-10-01,468707.50832012517,436705.2553314635,502857.3354390364,price,Turks (Approx) - Miami S. Beach 5 stars,"1, 0, 0",2023-10-01
2026-01-01,470407.71197098773,434030.94324544567,509652.2985528328,price,Turks (Approx) - Miami S. Beach 5 stars,"1, 0, 0",2023-10-01
2026-04-01,473275.0126248055,434457.106940559,514352.4037689406,price,Turks (Approx) - Miami S. Beach 5 stars,"1, 0, 0",2023-10-01
2026-07-01,475235.9680312925,435017.0455276045,519059.6342577111,price,Turks (Approx) - Miami S. Beach 5 stars,"1, 0, 0",2023-10-01
2026-10-01,478782.7007786492,434216.8118209531,525538.2193492217,price,Turks (Approx) - Miami S. Beach 5 stars,"1, 0, 0",2023-10-01
2027-01-01,480296.77509861666,434362.4629627613,527788.373452804,price,Turks (Approx) - Miami S. Beach 5 stars,"1, 0, 0",2023-10-01
2027-04-01,482353.0054470849,434255.7995114197,530715.102941227,price,Turks (Approx) - Miami S. Beach 5 stars,"1, 0, 0",2023-10-01
2027-07-01,483379.21392299596,434229.9194157177,536657.9550733959,price,Turks (Approx) - Miami S. Beach 5 stars,"1, 0, 0",2023-10-01
2027-10-01,484404.1065963541,435983.4674039586,540405.1170879957,price,Turks (Approx) - Miami S. Beach 5 stars,"1, 0, 0",2023-10-01
2028-01-01,485929.575698596,434057.5776064281,545969.5750562217,price,Turks (Approx) - Miami S. Beach 5 stars,"1, 0, 0",2023-10-01
2028-04-01,488127.2124549267,432876.49045863515,551232.3620358987,price,Turks (Approx) - Miami S. Beach 5 stars,"1, 0, 0",2023-10-01
2028-07-01,488202.53750049806,434908.59271425894,555623.66013869,price,Turks (Approx) - Miami S. Beach 5 stars,"1, 0, 0",2023-10-01
2028-10-01,492057.7657839142,434071.2086172801,560309.6825820843,price,Turks (Approx) - Miami S. Beach 5 stars,"1, 0, 0",2023-10-01
2023-10-01,4992.920205686708,4992.920205686708,4992.920205686708,ef_r,Turks (Approx) - Miami S. Beach 5 stars,"0, 0, 0",2023-10-01
2024-01-01,5012.784204328462,4996.6832182305925,5028.885190426331,ef_r,Turks (Approx) - Miami S. Beach 5 stars,"0, 0, 0",2023-10-01
2024-04-01,5002.926192056757,4970.743748820524,5035.2124790327825,ef_r,Turks (Approx) - Miami S. Beach 5 stars,"0, 0, 0",2023-10-01
2024-07-01,5011.212311013963,4962.9470931892,5059.789440968702,ef_r,Turks (Approx) - Miami S. Beach 5 stars,"0, 0, 0",2023-10-01
2024-10-01,5076.699790907643,5011.799504091925,5142.228359634669,ef_r,Turks (Approx) - Miami S. Beach 5 stars,"0, 0, 0",2023-10-01
2025-01-01,5115.834210531034,5034.0405526259565,5198.6876128580025,ef_r,Turks (Approx) - Miami S. Beach 5 stars,"0, 0, 0",2023-10-01
2025-04-01,5150.107444660914,5051.299988178726,5250.520288789974,ef_r,Turks (Approx) - Miami S. Beach 5 stars,"0, 0, 0",2023-10-01
2025-07-01,5187.777563015008,5071.725105416165,5306.0987797891285,ef_r,Turks (Approx) - Miami S. Beach 5 stars,"0, 0, 0",2023-10-01
2025-10-01,5235.773124303318,5102.057899668206,5372.544709987402,ef_r,Turks (Approx) - Miami S. Beach 5 stars,"0, 0, 0",2023-10-01
2026-01-01,5279.4491702281375,5127.92347498938,5434.94181362722,ef_r,Turks (Approx) - Miami S. Beach 5 stars,"0, 0, 0",2023-10-01
2026-04-01,5322.585107014329,5153.041689703422,5497.132515051875,ef_r,Turks (Approx) - Miami S. Beach 5 stars,"0, 0, 0",2023-10-01
2026-07-01,5366.629152712815,5178.820906695467,5560.608736824863,ef_r,Turks (Approx) - Miami S. Beach 5 stars,"0, 0, 0",2023-10-01
2026-10-01,5412.802493206444,5206.432161690842,5626.646552133049,ef_r,Turks (Approx) - Miami S. Beach 5 stars,"0, 0, 0",2023-10-01
2027-01-01,5458.537123319839,5233.386326788342,5692.599843788447,ef_r,Turks (Approx) - Miami S. Beach 5 stars,"0, 0, 0",2023-10-01
2027-04-01,5504.499438725895,5260.327841399446,5759.160664228381,ef_r,Turks (Approx) - Miami S. Beach 5 stars,"0, 0, 0",2023-10-01
2027-07-01,5550.946319442628,5287.501274492464,5826.601811840427,ef_r,Turks (Approx) - Miami S. Beach 5 stars,"0, 0, 0",2023-10-01
2027-10-01,5598.094996017912,5315.110249363283,5895.157977488228,ef_r,Turks (Approx) - Miami S. Beach 5 stars,"0, 0, 0",2023-10-01
2028-01-01,5645.497375797156,5342.724030714138,5964.366228860138,ef_r,Turks (Approx) - Miami S. Beach 5 stars,"0, 0, 0",2023-10-01
2028-04-01,5693.2732693512335,5370.454899432705,6034.357530137059,ef_r,Turks (Approx) - Miami S. Beach 5 stars,"0, 0, 0",2023-10-01
2028-07-01,5741.470601335627,5398.345858810656,6105.1883267036155,ef_r,Turks (Approx) - Miami S. Beach 5 stars,"0, 0, 0",2023-10-01
2028-10-01,5790.130364332126,5426.43282435065,6176.908384779162,ef_r,Turks (Approx) - Miami S. Beach 5 stars,"0, 0, 0",2023-10-01
2023-10-01,1520.760082437432,1520.760082437432,1520.760082437432,price,el retiro Farm,"0, 0, 1",2023-10-01
2024-01-01,1527.15325614401,1440.9965812197374,1595.3152467222806,price,el retiro Farm,"0, 0, 1",2023-10-01
2024-04-01,1563.9993547656682,1444.0411413629827,1665.1215690504978,price,el retiro Farm,"0, 0, 1",2023-10-01
2024-07-01,1604.2428611693608,1463.9972773825023,1740.3719565559427,price,el retiro Farm,"0, 0, 1",2023-10-01
2024-10-01,1616.3507514630949,1455.76130246553,1780.2784519186514,price,el retiro Farm,"0, 0, 1",2023-10-01
2025-01-01,1631.8673600883458,1449.4003132765097,1818.4121976636086,price,el retiro Farm,"0, 0, 1",2023-10-01
2025-04-01,1649.0203524482624,1452.029274170611,1857.5621340590717,price,el retiro Farm,"0, 0, 1",2023-10-01
2025-07-01,1669.2288353819404,1449.3724791539714,1905.977674346374,price,el retiro Farm,"0, 0, 1",2023-10-01
2025-10-01,1679.1528796992936,1447.8861340052708,1940.098927366854,price,el retiro Farm,"0, 0, 1",2023-10-01
2026-01-01,1694.318845001876,1444.5508514123444,1969.066312017108,price,el retiro Farm,"0, 0, 1",2023-10-01
2026-04-01,1706.9976964584177,1442.1970351959928,2011.91434417476,price,el retiro Farm,"0, 0, 1",2023-10-01
2026-07-01,1721.3707389106169,1441.6429259121705,2042.03554453261,price,el retiro Farm,"0, 0, 1",2023-10-01
2026-10-01,1735.0615039944219,1438.5825865624377,2061.944550883107,price,el retiro Farm,"0, 0, 1",2023-10-01
2027-01-01,1748.0380968995803,1436.0043813271775,2097.969612804662,price,el retiro Farm,"0, 0, 1",2023-10-01
2027-04-01,1758.2454438620962,1435.0643884748963,2130.95096850904,price,el retiro Farm,"0, 0, 1",2023-10-01
2027-07-01,1779.2635536216965,1436.414674709411,2168.1773612142233,price,el retiro Farm,"0, 0, 1",2023-10-01
2027-10-01,1781.5727331328687,1445.5556141895388,2206.9166611870837,price,el retiro Farm,"0, 0, 1",2023-10-01
2028-01-01,1800.2334754836197,1437.0996726279589,2239.308217388482,price,el retiro Farm,"0, 0, 1",2023-10-01
2028-04-01,1816.9205882270332,1449.2865982823023,2283.5208764031786,price,el retiro Farm,"0, 0, 1",2023-10-01
2028-07-01,1828.003815806405,1448.456743072792,2314.7946194414553,price,el retiro Farm,"0, 0, 1",2023-10-01
2028-10-01,1850.6098434648156,1458.2189091864636,2350.3980350104907,price,el retiro Farm,"0, 0, 1",2023-10-01
2023-10-01,8.781606742351492,8.781606742351492,8.781606742351492,ef_r,el retiro Farm,"0, 0, 0",2023-10-01
2024-01-01,8.89237676379122,8.575867042457396,9.193341397016356,ef_r,el retiro Farm,"0, 0, 0",2023-10-01
2024-04-01,9.350901319805503,8.86320186641857,9.798886190228476,ef_r,el retiro Farm,"0, 0, 0",2023-10-01
2024-07-01,9.698024378755596,9.105461655848886,10.344436662669262,ef_r,el retiro Farm,"0, 0, 0",2023-10-01
2024-10-01,9.857255969114508,9.138855719420745,10.614706841417235,ef_r,el retiro Farm,"0, 0, 0",2023-10-01
2025-01-01,10.071033624254893,9.217804058968719,10.939223131706433,ef_r,el retiro Farm,"0, 0, 0",2023-10-01
2025-04-01,10.338779068727499,9.394315321130259,11.352877164138253,ef_r,el retiro Farm,"0, 0, 0",2023-10-01
2025-07-01,10.571144189290331,9.51637737463185,11.764990223899659,ef_r,el retiro Farm,"0, 0, 0",2023-10-01
2025-10-01,10.76397797714796,9.633968994095486,12.116874022416967,ef_r,el retiro Farm,"0, 0, 0",2023-10-01
2026-01-01,10.989407254018387,9.738242487940955,12.377275150589702,ef_r,el retiro Farm,"0, 0, 0",2023-10-01
2026-04-01,11.2265403602897,9.877343292316024,12.810207068993185,ef_r,el retiro Farm,"0, 0, 0",2023-10-01
2026-07-01,11.47176001073961,10.041564504947543,13.131929871099576,ef_r,el retiro Farm,"0, 0, 0",2023-10-01
2026-10-01,11.709648746103149,10.14019977003922,13.40890974955283,ef_r,el retiro Farm,"0, 0, 0",2023-10-01
2027-01-01,11.930281804859757,10.260576084482251,13.804748513815968,ef_r,el retiro Farm,"0, 0, 0",2023-10-01
2027-04-01,12.163668630850896,10.353056762414845,14.161927062196858,ef_r,el retiro Farm,"0, 0, 0",2023-10-01
2027-07-01,12.454882462320953,10.58221310406426,14.543330223040355,ef_r,el retiro Farm,"0, 0, 0",2023-10-01
2027-10-01,12.67903824506471,10.785917416504226,14.931125121191807,ef_r,el retiro Farm,"0, 0, 0",2023-10-01
2028-01-01,12.942781252918913,10.836408505452635,15.291786299955877,ef_r,el retiro Farm,"0, 0, 0",2023-10-01
2028-04-01,13.217127336603587,11.051395738343881,15.746986399376334,ef_r,el retiro Farm,"0, 0, 0",2023-10-01
2028-07-01,13.462163509100492,11.238383019168577,16.15353061045636,ef_r,el retiro Farm,"0, 0, 0",2023-10-01
2028-10-01,13.745720225439113,11.437367747091459,16.58276072621642,ef_r,el retiro Farm,"0, 0, 0",2023-10-01
2023-10-01,6225.534658245724,6225.534658245724,6225.534658245724,price,la moraleja Property,"1, 0, 0",2023-10-01
2024-01-01,6204.134430425045,6165.5267176855505,6255.894821836974,price,la moraleja Property,"1, 0, 0",2023-10-01
2024-04-01,6201.578069442124,6151.217851692101,6274.042423521548,price,la moraleja Property,"1, 0, 0",2023-10-01
2024-07-01,6205.827224806584,6129.9817160368675,6290.733658692209,price,la moraleja Property,"1, 0, 0",2023-10-01
2024-10-01,6210.519904908542,6134.066902471817,6311.611334653495,price,la moraleja Property,"1, 0, 0",2023-10-01
2025-01-01,6211.600737209804,6123.090528620818,6339.056336981141,price,la moraleja Property,"1, 0, 0",2023-10-01
2025-04-01,6214.95825481657,6112.549088510394,6342.118909514955,price,la moraleja Property,"1, 0, 0",2023-10-01
2025-07-01,6216.462053205997,6110.1112938346505,6356.385847998779,price,la moraleja Property,"1, 0, 0",2023-10-01
2025-10-01,6220.177674597664,6086.298515899096,6360.424865084338,price,la moraleja Property,"1, 0, 0",2023-10-01
2026-01-01,6220.102520504502,6079.973896285934,6373.928962522658,price,la moraleja Property,"1, 0, 0",2023-10-01
2026-04-01,6225.014041010224,6076.915490786021,6378.868125067417,price,la moraleja Property,"1, 0, 0",2023-10-01
2026-07-01,6221.809343976919,6073.5464281393815,6389.194956801804,price,la moraleja Property,"1, 0, 0",2023-10-01
2026-10-01,6222.303095653371,6077.160037089919,6407.182726321507,price,la moraleja Property,"1, 0, 0",2023-10-01
2027-01-01,6215.934726756688,6058.189380835267,6421.469334181977,price,la moraleja Property,"1, 0, 0",2023-10-01
2027-04-01,6218.453976810257,6058.685529580369,6428.73466126897,price,la moraleja Property,"1, 0, 0",2023-10-01
2027-07-01,6231.124275149848,6058.29722341258,6431.373946604515,price,la moraleja Property,"1, 0, 0",2023-10-01
2027-10-01,6231.565259424738,6061.115781737036,6429.74912873745,price,la moraleja Property,"1, 0, 0",2023-10-01
2028-01-01,6242.732333299991,6041.195118522532,6433.909923310805,price,la moraleja Property,"1, 0, 0",2023-10-01
2028-04-01,6232.0361907319475,6034.588984579281,6439.0495434953655,price,la moraleja Property,"1, 0, 0",2023-10-01
2028-07-01,6232.351140168486,6000.905548196761,6462.1868394709145,price,la moraleja Property,"1, 0, 0",2023-10-01
2028-10-01,6231.484202948826,5995.64891666139,6474.306504052132,price,la moraleja Property,"1, 0, 0",2023-10-01
2023-10-01,16.89546195711053,16.89546195711053,16.89546195711053,ef_r,la moraleja Property,"0, 0, 0",2023-10-01
2024-01-01,17.12430608103032,16.864430006102108,17.384182155958527,ef_r,la moraleja Property,"0, 0, 0",2023-10-01
2024-04-01,17.3954376368046,16.87204814761345,17.92682164837004,ef_r,la moraleja Property,"0, 0, 0",2023-10-01
2024-07-01,17.70472561445181,16.912514410044714,18.521297389139693,ef_r,la moraleja Property,"0, 0, 0",2023-10-01
2024-10-01,17.991003303513015,16.925844023806224,19.105662408412552,ef_r,la moraleja Property,"0, 0, 0",2023-10-01
2025-01-01,18.294773674557785,16.95099247088208,19.72245700705847,ef_r,la moraleja Property,"0, 0, 0",2023-10-01
2025-04-01,18.60168361990102,16.97433495445617,20.357019084602776,ef_r,la moraleja Property,"0, 0, 0",2023-10-01
2025-07-01,18.912021477251116,16.99613936455268,21.010114806435773,ef_r,la moraleja Property,"0, 0, 0",2023-10-01
2025-10-01,19.228983926441423,17.019272308255417,21.685770873528675,ef_r,la moraleja Property,"0, 0, 0",2023-10-01
2026-01-01,19.550605279559356,17.04185781348952,22.382419140087933,ef_r,la moraleja Property,"0, 0, 0",2023-10-01
2026-04-01,19.877707054475596,17.064561354128724,23.10156266376253,ef_r,la moraleja Property,"0, 0, 0",2023-10-01
2026-07-01,20.210368957394653,17.08737015313537,23.843913702669607,ef_r,la moraleja Property,"0, 0, 0",2023-10-01
2026-10-01,20.548524611785357,17.110147307075877,24.61003292485102,ef_r,la moraleja Property,"0, 0, 0",2023-10-01
2027-01-01,20.892371392165117,17.132982446128352,25.400807752470946,ef_r,la moraleja Property,"0, 0, 0",2023-10-01
2027-04-01,21.241966769701015,17.15584385379703,26.216985688261065,ef_r,la moraleja Property,"0, 0, 0",2023-10-01
2027-07-01,21.597407545239275,17.17873218300861,27.059383550843748,ef_r,la moraleja Property,"0, 0, 0",2023-10-01
2027-10-01,21.95879962535531,17.20165401673811,27.928853813900194,ef_r,la moraleja Property,"0, 0, 0",2023-10-01
2028-01-01,22.32623723892981,17.2246051156574,28.826259693279464,ef_r,la moraleja Property,"0, 0, 0",2023-10-01
2028-04-01,22.69982346366561,17.24758703778925,29.7525012245578,ef_r,la moraleja Property,"0, 0, 0",2023-10-01
2028-07-01,23.079661153722526,17.270599794741425,30.708504920490938,ef_r,la moraleja Property,"0, 0, 0",2023-10-01
2028-10-01,23.465854504184588,17.293643114880407,31.69522655701122,ef_r,la moraleja Property,"0, 0, 0",2023-10-01
2023-10-01,1634.243681581129,1634.243681581129,1634.243681581129,price,la volcana Apartments,"1, 0, 0",2023-10-01
2024-01-01,1659.5470797233816,1579.0447172855922,1729.522130643307,price,la volcana Apartments,"1, 0, 0",2023-10-01
2024-04-01,1704.2333387971714,1589.2045353995866,1818.2333645819606,price,la volcana Apartments,"1, 0, 0",2023-10-01
2024-07-01,1753.5216482419173,1603.3181733292618,1902.2697694867402,price,la volcana Apartments,"1, 0, 0",2023-10-01
2024-10-01,1771.9634284935341,1593.4688114144221,1947.4470859078633,price,la volcana Apartments,"1, 0, 0",2023-10-01
2025-01-01,1786.8171672466785,1590.4984227573161,1984.3258326131418,price,la volcana Apartments,"1, 0, 0",2023-10-01
2025-04-01,1814.0111151421775,1598.592561251346,2036.9134034656743,price,la volcana Apartments,"1, 0, 0",2023-10-01
2025-07-01,1837.3042093861152,1603.8520280654461,2082.311843772142,price,la volcana Apartments,"1, 0, 0",2023-10-01
2025-10-01,1853.4170146452789,1593.0862582034545,2117.026885009962,price,la volcana Apartments,"1, 0, 0",2023-10-01
2026-01-01,1875.3171598091408,1588.6390128216328,2163.0291918381613,price,la volcana Apartments,"1, 0, 0",2023-10-01
2026-04-01,1884.4880372135315,1593.068408540408,2200.3230564608516,price,la volcana Apartments,"1, 0, 0",2023-10-01
2026-07-01,1904.1155840123486,1598.4801720036407,2244.762436998615,price,la volcana Apartments,"1, 0, 0",2023-10-01
2026-10-01,1923.0182339041814,1599.6327732251232,2272.707030649182,price,la volcana Apartments,"1, 0, 0",2023-10-01
2027-01-01,1934.8573882877552,1600.6682494744143,2308.5165578840915,price,la volcana Apartments,"1, 0, 0",2023-10-01
2027-04-01,1958.7831682234564,1606.747475744918,2344.9200677126714,price,la volcana Apartments,"1, 0, 0",2023-10-01
2027-07-01,1976.5682217419417,1602.683285695092,2377.753503703903,price,la volcana Apartments,"1, 0, 0",2023-10-01
2027-10-01,1989.9492109273663,1613.0074557537566,2434.7994489945218,price,la volcana Apartments,"1, 0, 0",2023-10-01
2028-01-01,2010.6922981343803,1614.4193180417144,2480.583951169049,price,la volcana Apartments,"1, 0, 0",2023-10-01
2028-04-01,2027.7894739613282,1620.3689574999894,2517.0057417869484,price,la volcana Apartments,"1, 0, 0",2023-10-01
2028-07-01,2055.316790467599,1618.3878082910135,2544.7479725646867,price,la volcana Apartments,"1, 0, 0",2023-10-01
2028-10-01,2066.5384414782843,1614.7888204247674,2585.881304410765,price,la volcana Apartments,"1, 0, 0",2023-10-01
2023-10-01,12.346748910116343,12.346748910116343,12.346748910116343,ef_r,la volcana Apartments,"0, 0, 0",2023-10-01
2024-01-01,12.595943244835341,12.16184029018005,13.03015778048616,ef_r,la volcana Apartments,"0, 0, 0",2023-10-01
2024-04-01,13.016010222322175,12.39302287550579,13.721316046589628,ef_r,la volcana Apartments,"0, 0, 0",2023-10-01
2024-07-01,13.58435220650334,12.700113339612761,14.507786245983421,ef_r,la volcana Apartments,"0, 0, 0",2023-10-01
2024-10-01,13.720815216930768,12.687204261688478,14.822939065390342,ef_r,la volcana Apartments,"0, 0, 0",2023-10-01
2025-01-01,13.976146277430859,12.838230905008766,15.22130859622877,ef_r,la volcana Apartments,"0, 0, 0",2023-10-01
2025-04-01,14.33345983662057,13.015206124044237,15.698698825276598,ef_r,la volcana Apartments,"0, 0, 0",2023-10-01
2025-07-01,14.69531155982626,13.238105786980622,16.23524590771149,ef_r,la volcana Apartments,"0, 0, 0",2023-10-01
2025-10-01,14.951446589950352,13.276752725697051,16.639731251258038,ef_r,la volcana Apartments,"0, 0, 0",2023-10-01
2026-01-01,15.297587666624288,13.394853539854116,17.11626700899064,ef_r,la volcana Apartments,"0, 0, 0",2023-10-01
2026-04-01,15.535386389256704,13.536566166116291,17.630497725050876,ef_r,la volcana Apartments,"0, 0, 0",2023-10-01
2026-07-01,15.866532824191454,13.767168286954057,18.08327508278899,ef_r,la volcana Apartments,"0, 0, 0",2023-10-01
2026-10-01,16.169155458931186,13.909468535785367,18.50948456026407,ef_r,la volcana Apartments,"0, 0, 0",2023-10-01
2027-01-01,16.48156740304215,14.069214892324336,18.978547280030476,ef_r,la volcana Apartments,"0, 0, 0",2023-10-01
2027-04-01,16.84031798942705,14.302533805315013,19.490182520644076,ef_r,la volcana Apartments,"0, 0, 0",2023-10-01
2027-07-01,17.180412430708593,14.473389581041438,19.92712407263111,ef_r,la volcana Apartments,"0, 0, 0",2023-10-01
2027-10-01,17.47585478179568,14.726373152061436,20.629818217571803,ef_r,la volcana Apartments,"0, 0, 0",2023-10-01
2028-01-01,17.826496795664845,14.917584978820186,21.170587743690426,ef_r,la volcana Apartments,"0, 0, 0",2023-10-01
2028-04-01,18.169373457425607,15.123633541636284,21.689699418541256,ef_r,la volcana Apartments,"0, 0, 0",2023-10-01
2028-07-01,18.59499411966477,15.299236603572167,22.13046738345313,ef_r,la volcana Apartments,"0, 0, 0",2023-10-01
2028-10-01,18.94689152386361,15.474856873760844,22.673175773643454,ef_r,la volcana Apartments,"0, 0, 0",2023-10-01
2023-10-01,7385.972599375407,7385.972599375407,7385.972599375407,price,lagasca Property,"1, 0, 0",2023-10-01
2024-01-01,7397.394563875602,7254.921383819882,7551.51345835791,price,lagasca Property,"1, 0, 0",2023-10-01
2024-04-01,7380.834559973607,7172.819686255262,7597.931664585265,price,lagasca Property,"1, 0, 0",2023-10-01
2024-07-01,7362.063502502636,7114.179480739118,7632.353949787983,price,lagasca Property,"1, 0, 0",2023-10-01
2024-10-01,7364.995118582862,7071.053859010283,7677.5691305568735,price,lagasca Property,"1, 0, 0",2023-10-01
2025-01-01,7380.6377724354215,7048.496789430398,7734.775604246377,price,lagasca Property,"1, 0, 0",2023-10-01
2025-04-01,7399.433143756897,7033.7650093786515,7794.05517654471,price,lagasca Property,"1, 0, 0",2023-10-01
2025-07-01,7416.32827202584,7020.3326285708645,7860.278348981388,price,lagasca Property,"1, 0, 0",2023-10-01
2025-10-01,7438.426926021581,6999.138117219694,7887.737995444649,price,lagasca Property,"1, 0, 0",2023-10-01
2026-01-01,7441.018551322194,6987.182436891278,7943.385348112867,price,lagasca Property,"1, 0, 0",2023-10-01
2026-04-01,7450.108537187582,6964.506228226077,7973.320499890167,price,lagasca Property,"1, 0, 0",2023-10-01
2026-07-01,7466.830306397297,6964.3185068894,8010.223950566506,price,lagasca Property,"1, 0, 0",2023-10-01
2026-10-01,7470.86012578399,6962.30726754954,8051.477767157157,price,lagasca Property,"1, 0, 0",2023-10-01
2027-01-01,7480.529188403882,6958.762668624272,8087.182613715632,price,lagasca Property,"1, 0, 0",2023-10-01
2027-04-01,7488.956677327462,6904.711667051669,8127.029937902636,price,lagasca Property,"1, 0, 0",2023-10-01
2027-07-01,7495.8801024348,6886.001902493489,8154.760622441474,price,lagasca Property,"1, 0, 0",2023-10-01
2027-10-01,7517.196826050444,6889.449308533784,8189.947134658882,price,lagasca Property,"1, 0, 0",2023-10-01
2028-01-01,7527.0446076354365,6887.557492289997,8230.587924343145,price,lagasca Property,"1, 0, 0",2023-10-01
2028-04-01,7540.959844297834,6882.196330309426,8255.91462702473,price,lagasca Property,"1, 0, 0",2023-10-01
2028-07-01,7552.068228616095,6871.260604014528,8273.10982147801,price,lagasca Property,"1, 0, 0",2023-10-01
2028-10-01,7553.044249381543,6873.404539388467,8316.560276909393,price,lagasca Property,"1, 0, 0",2023-10-01
2023-10-01,22.893082950359236,22.893082950359236,22.893082950359236,ef_r,lagasca Property,"0, 0, 0",2023-10-01
2024-01-01,22.68419931831366,22.64844280757535,22.818231854108358,ef_r,lagasca Property,"0, 0, 0",2023-10-01
2024-04-01,22.478662099528588,22.37978598180725,22.627190605674606,ef_r,lagasca Property,"0, 0, 0",2023-10-01
2024-07-01,22.47372200587412,22.32590394906785,22.701332378952532,ef_r,lagasca Property,"0, 0, 0",2023-10-01
2024-10-01,22.31894679298409,22.115676352629283,22.57072391911405,ef_r,lagasca Property,"0, 0, 0",2023-10-01
2025-01-01,22.367985697157838,22.1014521436314,22.676362381288143,ef_r,lagasca Property,"0, 0, 0",2023-10-01
2025-04-01,22.43835636187195,22.155360867184207,22.76491052420555,ef_r,lagasca Property,"0, 0, 0",2023-10-01
2025-07-01,22.457986966853635,22.11610217198306,22.835552280073383,ef_r,lagasca Property,"0, 0, 0",2023-10-01
2025-10-01,22.51593690363387,22.19302886808696,22.871082647389137,ef_r,lagasca Property,"0, 0, 0",2023-10-01
2026-01-01,22.50216754404821,22.180175764270157,22.881825800665165,ef_r,lagasca Property,"0, 0, 0",2023-10-01
2026-04-01,22.468766840771668,22.19161868292879,22.818056297801068,ef_r,lagasca Property,"0, 0, 0",2023-10-01
2026-07-01,22.52216964615214,22.26831058768299,22.913548882904255,ef_r,lagasca Property,"0, 0, 0",2023-10-01
2026-10-01,22.544135332473523,22.243033645661452,22.960082922748338,ef_r,lagasca Property,"0, 0, 0",2023-10-01
2027-01-01,22.543007210983756,22.280046689940438,23.025813615937498,ef_r,lagasca Property,"0, 0, 0",2023-10-01
2027-04-01,22.585719922481204,22.15595702385277,23.02081103825545,ef_r,lagasca Property,"0, 0, 0",2023-10-01
2027-07-01,22.588794547867128,22.18074633479174,23.047945767341314,ef_r,lagasca Property,"0, 0, 0",2023-10-01
2027-10-01,22.64226480621451,22.2300525656982,23.05585817620705,ef_r,lagasca Property,"0, 0, 0",2023-10-01
2028-01-01,22.635538067355764,22.22806272256535,23.155155866532056,ef_r,lagasca Property,"0, 0, 0",2023-10-01
2028-04-01,22.635193002555177,22.19864264813738,23.137026711468966,ef_r,lagasca Property,"0, 0, 0",2023-10-01
2028-07-01,22.64174955406269,22.193803489314973,23.17282005483275,ef_r,lagasca Property,"0, 0, 0",2023-10-01
2028-10-01,22.658763959581997,22.226681212174217,23.150367539567593,ef_r,lagasca Property,"0, 0, 0",2023-10-01
